[
  {
    "id": "slalom-mezi-kuzely--1",
    "prvek_id": "slalom-mezi-kuzely",
    "prvek": "Slalom mezi kužely",
    "kategorie": "Bruslení",
    "vek": "1",
    "text": "Jízda slalomem mezi 6–8 kužely, důraz na postoj, práci kotníků a plynulý skluz. Krátké úseky a časté pauzy.",
    "pomucky": ["kuzely"],
    "delka_min": 8,
    "cile": ["rovnovaha", "zmena_smeru", "koordinace"],
    "video": ["https://youtu.be/vid-brusleni-slalom-1"],
    "aktualizovano": "2025-09-01"
  },
  {
    "id": "strela-forhendem-z-mista--1",
    "prvek_id": "strela-forhendem-z-mista",
    "prvek": "Střela forhendem z místa",
    "kategorie": "Střelba",
    "vek": "1",
    "text": "Nácvik střeleckého postoje a úchopu. Krátké série 4–6 střel z místa do blízké branky/terče, zaměření na přesnost.",
    "pomucky": ["puky", "mala_branka", "terce (volitelne)"],
    "delka_min": 10,
    "cile": ["strelecky_postoj", "presnost", "prace_s_holi"],
    "video": ["https://youtu.be/vid-strelba-forhend-1"],
    "aktualizovano": "2025-09-01"
  },
  {
    "id": "vedeni-puku-v-osmickach--1",
    "prvek_id": "vedeni-puku-v-osmickach",
    "prvek": "Vedení puku v osmičkách",
    "kategorie": "Technika hole",
    "vek": "1",
    "text": "Vedení puku kolem dvou kuželů do tvaru osmičky. Pomalu, s pohledem vpřed, obouručný úchop. Důraz na cit v čepele.",
    "pomucky": ["puky", "kuzely"],
    "delka_min": 8,
    "cile": ["technika_hole", "vedeni_puku", "koordinace"],
    "video": ["https://youtu.be/vid-technika-osmicky-1"],
    "aktualizovano": "2025-09-01"
  },
  {
    "id": "odebrani-puku-predsazenim-hole--1",
    "prvek_id": "odebrani-puku-predsazenim-hole",
    "prvek": "Odebrání puku předsazením hole (1v1 na krátko)",
    "kategorie": "HČJ",
    "vek": "1",
    "text": "Jednoduché 1v1 na 5–7 m: obránce předsazuje hůl a jemně zastavuje puk. Důraz na správný postoj a bezpečný kontakt.",
    "pomucky": ["puky", "kuzely (vymezeni prostoru)"],
    "delka_min": 10,
    "cile": ["1v1", "prace_s_holi", "reakce"],
    "video": ["https://youtu.be/vid-hcj-odebrani-1"],
    "aktualizovano": "2025-09-01"
  },
  {
    "id": "honicka-se-zmenou-smeru--1",
    "prvek_id": "honicka-se-zmenou-smeru",
    "prvek": "Honička se změnou směru",
    "kategorie": "Hry",
    "vek": "1",
    "text": "Krátká hra na půlce plochy: chytač + běžci, na signál povinná změna směru. Krátké intervaly, důraz na bezpečné brzdění.",
    "pomucky": ["pistalka", "kuzely (okraje zony)"],
    "delka_min": 6,
    "cile": ["reakce", "zmena_smeru", "brzdeni"],
    "video": ["https://youtu.be/vid-hry-honicka-1"],
    "aktualizovano": "2025-09-01"
  },
  {
    "id": "stafetove-zavody-s-pukem--1",
    "prvek_id": "stafetove-zavody-s-pukem",
    "prvek": "Štafetové závody s pukem",
    "kategorie": "Hry",
    "vek": "1",
    "text": "Družstva po 3–4: jízda k čáře a zpět s pukem, předání další hráči. Důraz na kontrolu puku a férové předávky.",
    "pomucky": ["puky", "kuzely"],
    "delka_min": 8,
    "cile": ["vedeni_puku", "koordinace", "spoluprace"],
    "video": ["https://youtu.be/vid-hry-honicka-1"],
    "aktualizovano": "2025-09-01"
  },
  {
    "id": "preslapovani-na-kruzich--1",
    "prvek_id": "preslapovani-na-kruzich",
    "prvek": "Přešlapování na kruzích",
    "kategorie": "Bruslení",
    "vek": "1",
    "text": "Přešlapování po vyznačených kruzích na 1/3 plochy. Pomalu, s důrazem na práci kotníků a plynulý přenos váhy.",
    "pomucky": ["kuzely", "puky (volitelne)"],
    "delka_min": 8,
    "cile": ["preslapovani", "rovnovaha", "prace_hrany"],
    "video": ["https://youtu.be/vid-brusleni-preslapovani-1"],
    "aktualizovano": "2025-09-01"
  },
  {
    "id": "strela-bekhendem-z-mista--1",
    "prvek_id": "strela-bekhendem-z-mista",
    "prvek": "Střela bekhendem z místa",
    "kategorie": "Střelba",
    "vek": "1",
    "text": "Nácvik bekhendové střely z místa na krátkou vzdálenost. Krátké série po 4–6 střelách, důraz na úchop a cit v čepele.",
    "pomucky": ["puky", "mala_branka", "terce (volitelne)"],
    "delka_min": 9,
    "cile": ["uchop_hole", "cit_v_cepele", "presnost"],
    "video": ["https://youtu.be/vid-strelba-bekhend-1"],
    "aktualizovano": "2025-09-01"
  },
  {
    "id": "vedeni-puku-se-zvednutim-hlavy--1",
    "prvek_id": "vedeni-puku-se-zvednutim-hlavy",
    "prvek": "Vedení puku se zvednutím hlavy",
    "kategorie": "Technika hole",
    "vek": "1",
    "text": "Slalom s pukem mezi 6 kužely s kontrolou puku a pohledem vpřed (zvednutá hlava). Malé oblouky, klidné ruce.",
    "pomucky": ["puky", "kuzely"],
    "delka_min": 8,
    "cile": ["vedeni_puku", "pohled_vpred", "koordinace"],
    "video": ["https://youtu.be/vid-technika-hlava-1"],
    "aktualizovano": "2025-09-01"
  },
  {
    "id": "kryti-puku-telem-1v1--1",
    "prvek_id": "kryti-puku-telem-1v1",
    "prvek": "Krytí puku tělem (1v1 v malém prostoru)",
    "kategorie": "HČJ",
    "vek": "1",
    "text": "Mini souboj 1v1 na ploše 5×5 m. Útočník kryje puk tělem a pracuje s holí, obránce jen stíní. Krátké intervaly.",
    "pomucky": ["puky", "kuzely (vymezeni zony)"],
    "delka_min": 10,
    "cile": ["kryti_puku", "rovnovaha", "kontakt_bezpecne"],
    "video": ["https://youtu.be/vid-hcj-kryti-1"],
    "aktualizovano": "2025-09-01"
  },
  {
    "id": "kral-kruhu--1",
    "prvek_id": "kral-kruhu",
    "prvek": "Král kruhu",
    "kategorie": "Hry",
    "vek": "1",
    "text": "Hráči v kruhu se snaží udržet puk v prostoru, vyřazení při ztrátě kontroly. Krátké kolo, rotace hráčů, důraz na férovost.",
    "pomucky": ["puky (volitelne)", "kuzely"],
    "delka_min": 6,
    "cile": ["reakce", "rovnovaha", "soutezivost"],
    "video": ["https://youtu.be/vid-hry-kral-kruhu-1"],
    "aktualizovano": "2025-09-01"
  },
  {
    "id": "zaklady-jizdy-vzad--1",
    "prvek_id": "zaklady-jizdy-vzad",
    "prvek": "Základy jízdy vzad",
    "kategorie": "Bruslení",
    "vek": "1",
    "text": "Úvod do jízdy vzad: „C“ kroky bez puku, krátké úseky. Důraz na postoj, odraz a jistotu rovnováhy.",
    "pomucky": ["kuzely"],
    "delka_min": 7,
    "cile": ["postoj", "odraz", "rovnovaha"],
    "video": ["https://youtu.be/vid-brusleni-vzad-1"],
    "aktualizovano": "2025-09-01"
  },
  {
    "id": "oblouky-na-jedne-noze--1",
    "prvek_id": "oblouky-na-jedne-noze",
    "prvek": "Oblouky na jedné noze",
    "kategorie": "Bruslení",
    "vek": "1",
    "text": "Krátké oblouky na jedné noze kolem vyznačených kuželů. Nejprve pomalu s oporou hole, postupně bez opory. Důraz na držení těla a práci hran.",
    "pomucky": ["kuzely"],
    "delka_min": 7,
    "cile": ["rovnovaha", "prace_hrany", "koordinace"],
    "video": ["https://youtu.be/vid-brusleni-obluky-1"],
    "aktualizovano": "2025-09-02"
  },
  {
    "id": "strela-po-vedeni-puku-forhend--1",
    "prvek_id": "strela-po-vedeni-puku-forhend",
    "prvek": "Střela po vedení puku (forhend)",
    "kategorie": "Střelba",
    "vek": "1",
    "text": "Krátké vedení puku (3–4 m) a následná střela forhendem do malé branky. Zaměření na kontrolu puku a přesné zakončení.",
    "pomucky": ["puky", "mala_branka"],
    "delka_min": 9,
    "cile": ["vedeni_puku", "strelecky_postoj", "presnost"],
    "video": ["https://youtu.be/vid-strelba-forhend-2"],
    "aktualizovano": "2025-09-02"
  },
  {
    "id": "prihravka-na-kratko-a-prijem--1",
    "prvek_id": "prihravka-na-kratko-a-prijem",
    "prvek": "Přihrávka na krátko a příjem puku",
    "kategorie": "Technika hole",
    "vek": "1",
    "text": "Dvojice proti sobě: krátké přihrávky na 3–4 m, měkký příjem puku na čepeli, hlava nahoře. 2–3 série po 60 s.",
    "pomucky": ["puky"],
    "delka_min": 8,
    "cile": ["kratka_prihravka", "prijem_puku", "pohled_vpred"],
    "video": ["https://youtu.be/vid-technika-prihravka-1"],
    "aktualizovano": "2025-09-02"
  },
  {
    "id": "uvolneni-zmenou-smeru-1v1--1",
    "prvek_id": "uvolneni-zmenou-smeru-1v1",
    "prvek": "Uvolnění změnou směru (1v1 v koridoru)",
    "kategorie": "HČJ",
    "vek": "1",
    "text": "Souboj 1v1 v úzkém koridoru (2×8 m). Útočník se uvolňuje změnou směru a tempa, obránce stíní. Krátké intervaly a rotace rolí.",
    "pomucky": ["kuzely", "puky"],
    "delka_min": 10,
    "cile": ["zmena_smeru", "zmena_rychlosti", "1v1"],
    "video": ["https://youtu.be/vid-hcj-uvolneni-1"],
    "aktualizovano": "2025-09-02"
  },
  {
    "id": "prebijacka-pres-reku--1",
    "prvek_id": "prebijacka-pres-reku",
    "prvek": "Přebíhačka přes řeku",
    "kategorie": "Hry",
    "vek": "1",
    "text": "Hráči přebíhají přes vyznačený „řekový“ pás. Na signál se snaží bezpečně projet bez kolizí. Krátké intervaly, vysoká motivace.",
    "pomucky": ["kuzely"],
    "delka_min": 6,
    "cile": ["rychla_reakce", "bezpecny_pohyb", "orientace_v_prostoru"],
    "video": ["https://youtu.be/vid-hry-reka-1"],
    "aktualizovano": "2025-09-02"
  },
  {
    "id": "klicka-kolem-kuzelu--1",
    "prvek_id": "klicka-kolem-kuzelu",
    "prvek": "Klička kolem kuželu",
    "kategorie": "Technika hole",
    "vek": "1",
    "text": "Vedení puku a klička kolem jednotlivého kuželu (pravá/levá strana). Malá rychlost, důraz na kontrolu puku a postavení těla.",
    "pomucky": ["puky", "kuzely"],
    "delka_min": 7,
    "cile": ["vedeni_puku", "klicka", "obchazeni_prekazky"],
    "video": ["https://youtu.be/vid-technika-klicka-1"],
    "aktualizovano": "2025-09-02"
  },
  {
    "id": "prekladani-vahy-a-kratke-oblouky--1",
    "prvek_id": "prekladani-vahy-a-kratke-oblouky",
    "prvek": "Překládání váhy a krátké oblouky",
    "kategorie": "Bruslení",
    "vek": "1",
    "text": "Krátké oblouky na 6–8 m se zřetelným přenosem váhy ze vnitřní na vnější nohu. Nízké těžiště, ruce v pohodě, klidný trup.",
    "pomucky": ["kuzely"],
    "delka_min": 8,
    "cile": ["prenos_vahy", "prace_hrany", "rovnovaha"],
    "video": ["https://youtu.be/vid-brusleni-prenos-vahy-1"],
    "aktualizovano": "2025-09-02"
  },
  {
    "id": "doklepnuti-puku-pred-brankou--1",
    "prvek_id": "doklepnuti-puku-pred-brankou",
    "prvek": "Doklepnutí puku před brankou",
    "kategorie": "Střelba",
    "vek": "1",
    "text": "Krátké zakončení z dorážky. Trenér nahazuje puk před malou branku, hráč doklepává zblízka. 4–6 pokusů, rotace hráčů.",
    "pomucky": ["puky", "mala_branka"],
    "delka_min": 8,
    "cile": ["rychla_reakce", "dokoncenie_akce", "prace_s_cepele"],
    "video": ["https://youtu.be/vid-strelba-dorazka-1"],
    "aktualizovano": "2025-09-02"
  },
  {
    "id": "dribling-na-miste-a-kontrola-cepele--1",
    "prvek_id": "dribling-na-miste-a-kontrola-cepele",
    "prvek": "Dribling na místě a kontrola čepele",
    "kategorie": "Technika hole",
    "vek": "1",
    "text": "Rychlé krátké dotyky puku před tělem na místě. Pohled vpřed, obouručný úchop, plynulé vedení bez odskoků.",
    "pomucky": ["puky"],
    "delka_min": 6,
    "cile": ["cit_v_cepele", "rychle_dotyky", "koordina_cele_telo"],
    "video": ["https://youtu.be/vid-technika-dribling-1"],
    "aktualizovano": "2025-09-02"
  },
  {
    "id": "stineny-doprovod-bez-kontaktu--1",
    "prvek_id": "stineny-doprovod-bez-kontaktu",
    "prvek": "Stíněný doprovod bez kontaktu (1v1)",
    "kategorie": "HČJ",
    "vek": "1",
    "text": "Obránce stíní útočníka v koridoru 2×10 m bez tělesného kontaktu. Drží správnou vzdálenost a směr, hůl na ledě.",
    "pomucky": ["kuzely", "puky (volitelne)"],
    "delka_min": 9,
    "cile": ["pozicni_hra", "cistota_pohybu", "prace_s_holi"],
    "video": ["https://youtu.be/vid-hcj-stinovani-1"],
    "aktualizovano": "2025-09-02"
  },
  {
    "id": "vlacek-s-pukem--1",
    "prvek_id": "vlacek-s-pukem",
    "prvek": "Vláček s pukem",
    "kategorie": "Hry",
    "vek": "1",
    "text": "Družstva tvoří vláček, první veze puk, ostatní následují. Po signálu předání puku dalšímu. Krátké intervaly, radost z pohybu.",
    "pomucky": ["puky", "kuzely (vymezeni trasy)"],
    "delka_min": 7,
    "cile": ["spoluprace", "vedeni_puku", "orientace_v_prostoru"],
    "video": ["https://youtu.be/vid-hry-vlacek-1"],
    "aktualizovano": "2025-09-02"
  },
  {
    "id": "jizda-s-prekrokem-pres-caru--1",
    "prvek_id": "jizda-s-prekrokem-pres-caru",
    "prvek": "Jízda s překrokem přes čáru",
    "kategorie": "Bruslení",
    "vek": "1",
    "text": "Jízda vpřed s překrokem přes středovou čáru: malý krok, zvednout koleno, kontrolovaný doskok. Pomalé tempo, důraz na stabilitu.",
    "pomucky": ["zoned_znaceni (cara na lede)"],
    "delka_min": 6,
    "cile": ["koordinace", "stabilita", "prenos_vahy"],
    "video": ["https://youtu.be/vid-brusleni-prekrok-1"],
    "aktualizovano": "2025-09-02"
  },
  {
    "id": "c-kroky-na-miste--1",
    "prvek_id": "c-kroky-na-miste",
    "prvek": "C kroky na místě",
    "kategorie": "Bruslení",
    "vek": "1",
    "text": "Základní C kroky na místě bez puku. Nízké těžiště, plynulý odraz a skluz. Krátké intervaly, kontrola postoje.",
    "pomucky": ["kuzely (vymezeni zony)"],
    "delka_min": 6,
    "cile": ["odraz", "skluz", "stabilita"],
    "video": ["https://youtu.be/vid-brusleni-ckroky-1"],
    "aktualizovano": "2025-09-02"
  },
  {
    "id": "zakonceni-po-prihravce-zblizka--1",
    "prvek_id": "zakonceni-po-prihravce-zblizka",
    "prvek": "Zakončení po přihrávce (zblízka)",
    "kategorie": "Střelba",
    "vek": "1",
    "text": "Dvojice: krátká přihrávka před branku a okamžité zakončení zblízka. Důraz na měkký příjem puku a přesný forhend.",
    "pomucky": ["puky", "mala_branka"],
    "delka_min": 8,
    "cile": ["prijem_puku", "rychle_zakonceni", "presnost"],
    "video": ["https://youtu.be/vid-strelba-prihravka-zblizka-1"],
    "aktualizovano": "2025-09-02"
  },
  {
    "id": "prihravka-o-mantinel-kratka--1",
    "prvek_id": "prihravka-o-mantinel-kratka",
    "prvek": "Přihrávka o mantinel (krátká)",
    "kategorie": "Technika hole",
    "vek": "1",
    "text": "Krátká přihrávka o mantinel a příjem puku po odrazu. Malá rychlost, hlava nahoře, obouručný úchop.",
    "pomucky": ["puky"],
    "delka_min": 7,
    "cile": ["prihravka", "prijem_puku", "pohled_vpred"],
    "video": ["https://youtu.be/vid-technika-mantinel-1"],
    "aktualizovano": "2025-09-02"
  },
  {
    "id": "odebrani-puku-poklepem-1v1-v-pruhu--1",
    "prvek_id": "odebrani-puku-poklepem-1v1-v-pruhu",
    "prvek": "Odebrání puku poklepem (1v1 v pruhu)",
    "kategorie": "HČJ",
    "vek": "1",
    "text": "Souboj 1v1 v úzkém pruhu (2×8 m). Obránce odebere puk jemným poklepem na hůl, bez tělesného kontaktu. Rotace rolí.",
    "pomucky": ["puky", "kuzely (vymezeni pruhu)"],
    "delka_min": 9,
    "cile": ["prace_s_holi", "timing", "1v1"],
    "video": ["https://youtu.be/vid-hcj-poklep-1"],
    "aktualizovano": "2025-09-02"
  },
  {
    "id": "sochy-s-pukem--1",
    "prvek_id": "sochy-s-pukem",
    "prvek": "Sochy s pukem",
    "kategorie": "Hry",
    "vek": "1",
    "text": "Hráči vedou puk a na „Socha!“ okamžitě zastaví puk i tělo. Krátké kolo, časté střídání povelů, důraz na kontrolu puku a brzdění.",
    "pomucky": ["puky", "pistalka"],
    "delka_min": 6,
    "cile": ["kontrola_puku", "reakce", "brzdeni"],
    "video": ["https://youtu.be/vid-hry-sochy-1"],
    "aktualizovano": "2025-09-02"
  },
  {
    "id": "start-ze-stoje-raketa--1",
    "prvek_id": "start-ze-stoje-raketa",
    "prvek": "Start ze stoje (raketa)",
    "kategorie": "Bruslení",
    "vek": "1",
    "text": "Start z klidného stoje na 3–4 m. Nízký postoj, první krok silný a krátký, poté plynulé kroky. Krátké série s pauzou.",
    "pomucky": ["kuzely (start/cil)"],
    "delka_min": 7,
    "cile": ["prvni_krok", "akcelerace", "stabilita"],
    "video": ["https://youtu.be/vid-brusleni-start-1"],
    "aktualizovano": "2025-09-02"
  }
]