[
  {
    "id": "slalom-mezi-kuzely--2",
    "prvek_id": "slalom-mezi-kuzely",
    "prvek": "Slalom mezi kužely (s přešlapováním)",
    "kategorie": "Bruslení",
    "vek": "2",
    "text": "Slalom mezi 8–10 kužely se zařazeným přešlapováním na 2–3 značkách. Střední tempo, nízké těžiště, přenos váhy.",
    "pomucky": ["kuzely"],
    "delka_min": 9,
    "cile": ["zmena_smeru", "preslapovani", "prenos_vahy", "prace_hrany"],
    "video": ["https://youtu.be/vid-brusleni-slalom-2"],
    "aktualizovano": "2025-09-02"
  },
  {
    "id": "strela-po-vedeni-puku-bekhend--2",
    "prvek_id": "strela-po-vedeni-puku-bekhend",
    "prvek": "Střela po vedení puku (bekhend)",
    "kategorie": "Střelba",
    "vek": "2",
    "text": "Vedení puku 5–6 m a okamžité zakončení bekhendem na malou branku/terč. Důraz na stabilní postoj a přesné zakončení.",
    "pomucky": ["puky", "mala_branka", "terce (volitelne)"],
    "delka_min": 10,
    "cile": ["vedeni_puku", "presnost", "rychle_zakonceni"],
    "video": ["https://youtu.be/vid-strelba-bekhend-2"],
    "aktualizovano": "2025-09-02"
  },
  {
    "id": "prijem-a-prihravka-do-jizdy--2",
    "prvek_id": "prijem-a-prihravka-do-jizdy",
    "prvek": "Příjem a přihrávka do jízdy (6–8 m)",
    "kategorie": "Technika hole",
    "vek": "2",
    "text": "Dvojice v pohybu: příjem puku do jízdy a okamžitá krátká přihrávka zpět (6–8 m). Hlavy nahoře, měkký dotek na čepeli.",
    "pomucky": ["puky"],
    "delka_min": 9,
    "cile": ["prijem_puku", "prihravka", "pohled_vpred", "koordinace"],
    "video": ["https://youtu.be/vid-technika-prijem-jizda-2"],
    "aktualizovano": "2025-09-02"
  },
  {
    "id": "kryti-puku-otocka-1v1--2",
    "prvek_id": "kryti-puku-otocka-1v1",
    "prvek": "Krytí puku + otočka (1v1 u mantinelu)",
    "kategorie": "HČJ",
    "vek": "2",
    "text": "1v1 v rohu: útočník kryje puk tělem, provede otočku kolem kuželu/mantinelu a vyjíždí. Obránce stíní bez tělesného kontaktu.",
    "pomucky": ["puky", "kuzely"],
    "delka_min": 10,
    "cile": ["kryti_puku", "1v1", "zmena_smeru", "pozicni_hra"],
    "video": ["https://youtu.be/vid-hcj-kryti-otocka-2"],
    "aktualizovano": "2025-09-02"
  },
  {
    "id": "opici-drha-s-pukem--2",
    "prvek_id": "opici-drha-s-pukem",
    "prvek": "Opičí dráha s pukem",
    "kategorie": "Hry",
    "vek": "2",
    "text": "Trasa s 3–4 překážkami (kužely, mini-branky z hokejek). Hráči vedou puk, plní úkoly a vrací se do fronty. Soutěž v tempu, radost z pohybu.",
    "pomucky": ["puky", "kuzely", "hokejky"],
    "delka_min": 8,
    "cile": ["vedeni_puku", "orientace_v_prostoru", "spoluprace"],
    "video": ["https://youtu.be/vid-hry-opici-drha-2"],
    "aktualizovano": "2025-09-02"
  },
  {
    "id": "brzdeni-a-otocka-180--2",
    "prvek_id": "brzdeni-a-otocka-180",
    "prvek": "Brzdění vpřed + otočka 180°",
    "kategorie": "Bruslení",
    "vek": "2",
    "text": "Úseky 6–8 m: brzda na levou i pravou stranu a okamžitá otočka o 180° do protisměru. Nízké těžiště, kontrola hran, plynulost.",
    "pomucky": ["kuzely (obrátkové body)"],
    "delka_min": 8,
    "cile": ["brzdeni", "zmena_smeru", "prace_hrany", "stabilita"],
    "video": ["https://youtu.be/vid-brusleni-brzda-otocka-2"],
    "aktualizovano": "2025-09-02"
  },
  {
    "id": "preslapovani-v-oblouku--2",
    "prvek_id": "preslapovani-v-oblouku",
    "prvek": "Přešlapování v oblouku vpřed (malý kruh)",
    "kategorie": "Bruslení",
    "vek": "2",
    "text": "Jízda po kruhu se zařazením přešlapování na vnější i vnitřní straně. Důraz na práci hran a přenos váhy.",
    "pomucky": ["kuzely (vytyčení kruhu)"],
    "delka_min": 9,
    "cile": ["preslapovani", "prace_hrany", "oblouk", "prenos_vahy", "stabilita"],
    "video": ["https://youtu.be/vid-brusleni-preslapovani-oblouk-2"],
    "aktualizovano": "2025-09-02"
  },
  {
    "id": "jizda-vzad-c-kroky--2",
    "prvek_id": "jizda-vzad-c-kroky",
    "prvek": "Základy jízdy vzad (C-kroky)",
    "kategorie": "Bruslení",
    "vek": "2",
    "text": "Nácvik C-kroků vzad na krátkých úsecích. Nízké těžiště, kolena nad špičkami, plynulý odraz.",
    "pomucky": ["kuzely (start/cil)"],
    "delka_min": 8,
    "cile": ["jizda_vzad", "prenos_vahy", "stabilita", "koordinace"],
    "video": ["https://youtu.be/vid-brusleni-c-kroky-vzad-2"],
    "aktualizovano": "2025-09-02"
  },
  {
    "id": "strela-z-pohybu-forehand--2",
    "prvek_id": "strela-z-pohybu-forehand",
    "prvek": "Střela z pohybu (forehand) po vedení puku",
    "kategorie": "Střelba",
    "vek": "2",
    "text": "Vedení puku 6–8 m, krátké nabrání puku k tělu a okamžité zakončení forhendem na branku/terč.",
    "pomucky": ["puky", "mala_branka", "terce (volitelne)"],
    "delka_min": 10,
    "cile": ["vedeni_puku", "rychle_zakonceni", "presnost", "prenos_vahy"],
    "video": ["https://youtu.be/vid-strelba-z-pohybu-forehand-2"],
    "aktualizovano": "2025-09-02"
  },
  {
    "id": "nadzvednuti-puku-forehand--2",
    "prvek_id": "nadzvednuti-puku-forehand",
    "prvek": "Nadzvednutí puku (forehand) zblízka",
    "kategorie": "Střelba",
    "vek": "2",
    "text": "Zakončení z bezprostřední blízkosti s cílem nadzvednout puk nad hokejku/terč. Měkké zápěstí, práce zápěstím a čepelí.",
    "pomucky": ["puky", "mala_branka", "terce (horní)"],
    "delka_min": 8,
    "cile": ["nadzvednuti_puku", "presnost", "koordinace", "prenos_vahy"],
    "video": ["https://youtu.be/vid-strelba-nadzvednuti-forehand-2"],
    "aktualizovano": "2025-09-02"
  },
  {
    "id": "prihravka-o-mantinel-do-jizdy--2",
    "prvek_id": "prihravka-o-mantinel-do-jizdy",
    "prvek": "Přihrávka o mantinel do jízdy (dvojice)",
    "kategorie": "Technika hole",
    "vek": "2",
    "text": "Hráč A přihrává o mantinel do prostoru, hráč B najíždí a v pohybu přijímá. Rychlá reakce a hlavy nahoře.",
    "pomucky": ["puky"],
    "delka_min": 9,
    "cile": ["prihravka", "prijem_puku", "timing", "pohled_vpred"],
    "video": ["https://youtu.be/vid-technika-prihravka-mantinel-2"],
    "aktualizovano": "2025-09-02"
  },
  {
    "id": "vedeni-puku-v-malem-prostoru--2",
    "prvek_id": "vedeni-puku-v-malem-prostoru",
    "prvek": "Vedení puku v malém prostoru (box z kuželů)",
    "kategorie": "Technika hole",
    "vek": "2",
    "text": "Box 3×3 m: vedení puku s častými změnami směru, krytím tělem a krátkými zrychleními.",
    "pomucky": ["puky", "kuzely"],
    "delka_min": 8,
    "cile": ["vedeni_puku", "kryti_puku", "zmena_smeru", "jemna_motorika"],
    "video": ["https://youtu.be/vid-technika-maly-prostor-2"],
    "aktualizovano": "2025-09-02"
  },
  {
    "id": "1v1-stinovani-udrzeni-strany--2",
    "prvek_id": "1v1-stinovani-udrzeni-strany",
    "prvek": "1v1 stínování – udržení správné strany",
    "kategorie": "HČJ",
    "vek": "2",
    "text": "Obránce drží útočníka na vnější straně a stínuje bez faulu; útočník se snaží o průnik změnou tempa.",
    "pomucky": ["kuzely (branky/koridor)","puky"],
    "delka_min": 10,
    "cile": ["1v1", "obrana_stinovani", "pozicni_hra", "zmena_tempa"],
    "video": ["https://youtu.be/vid-hcj-1v1-stinovani-2"],
    "aktualizovano": "2025-09-02"
  },
  {
    "id": "dorazka-po-strele--2",
    "prvek_id": "dorazka-po-strele",
    "prvek": "Dorážka po střele + vybruslení do volného prostoru",
    "kategorie": "HČJ",
    "vek": "2",
    "text": "Střela zblízka, sledování odrazu a dorážka. Následně vybruslení do volného prostoru pro další přihrávku.",
    "pomucky": ["puky", "mala_branka"],
    "delka_min": 9,
    "cile": ["dorazeni", "cteni_odrazu", "vyber_prostoru", "timing"],
    "video": ["https://youtu.be/vid-hcj-dorazka-vyber-prostoru-2"],
    "aktualizovano": "2025-09-02"
  },
  {
    "id": "stafeta-s-prihravkou--2",
    "prvek_id": "stafeta-s-prihravkou",
    "prvek": "Štafeta s přihrávkou a návratem",
    "kategorie": "Hry",
    "vek": "2",
    "text": "Družstva soutěží: vedení puku k obrátce, přihrávka spoluhráči ve vymezené zóně a rychlý návrat.",
    "pomucky": ["puky", "kuzely"],
    "delka_min": 8,
    "cile": ["spoluprace", "prihravka", "tempo", "orientace_v_prostoru"],
    "video": ["https://youtu.be/vid-hry-stafeta-prihravka-2"],
    "aktualizovano": "2025-09-02"
  },
  {
    "id": "minihokej-3v3--2",
    "prvek_id": "minihokej-3v3",
    "prvek": "Minihokej 3v3 na šířku",
    "kategorie": "Hry",
    "vek": "2",
    "text": "Krátká utkání 3v3 na zmenšeném hřišti. Častý kontakt s pukem, rychlé rozhodování, střídání po 40–50 s.",
    "pomucky": ["puky", "mala_branka (2–4)", "kuzely (vymezeni hristě)"],
    "delka_min": 12,
    "cile": ["spoluprace", "komunikace", "1v1", "vyber_prostoru", "rychle_rozhodovani"],
    "video": ["https://youtu.be/vid-hry-minihokej-3v3-2"],
    "aktualizovano": "2025-09-02"
  },
  {
    "id": "osmicky-vpred-s-preslapovanim--2",
    "prvek_id": "osmicky-vpred-s-preslapovanim",
    "prvek": "Osmičky vpřed s přešlapováním",
    "kategorie": "Bruslení",
    "vek": "2",
    "text": "Jízda po tvaru osmičky s přešlapováním na vnější i vnitřní hraně v oblouku. Kontrola těžiště a plynulá práce hran.",
    "pomucky": ["kuzely (vytyčení osmičky)"],
    "delka_min": 9,
    "cile": ["oblouk", "preslapovani", "prace_hrany", "prenos_vahy", "stabilita"],
    "video": ["https://youtu.be/vid-brusleni-osmicky-preslapovani-2"],
    "aktualizovano": "2025-09-02"
  },
  {
    "id": "pivot-vpred-vzad--2",
    "prvek_id": "pivot-vpred-vzad",
    "prvek": "Pivot vpřed ↔ vzad (otevření boků)",
    "kategorie": "Bruslení",
    "vek": "2",
    "text": "Krátké úseky: změna směru vpřed–vzad pomocí „mohawk“ přechodu. Nízké kolena, otevření boků, rychlá orientace.",
    "pomucky": ["kuzely (obrátkové body)"],
    "delka_min": 8,
    "cile": ["prechod_vpred_vzad", "mohawk", "zmena_smeru", "koordinace"],
    "video": ["https://youtu.be/vid-brusleni-pivot-mohawk-2"],
    "aktualizovano": "2025-09-02"
  },
  {
    "id": "strela-po-krizne-prihravce--2",
    "prvek_id": "strela-po-krizne-prihravce",
    "prvek": "Střela po křížné přihrávce",
    "kategorie": "Střelba",
    "vek": "2",
    "text": "Dvojice: A vede puk a přihrává křížem na B, který z první nebo na dva doteky zakončuje. Důraz na rychlou přípravu puku.",
    "pomucky": ["puky", "mala_branka", "terce (volitelne)"],
    "delka_min": 10,
    "cile": ["uhel_strely", "rychla_priprava", "presnost", "one_touch"],
    "video": ["https://youtu.be/vid-strelba-krizna-prihravka-2"],
    "aktualizovano": "2025-09-02"
  },
  {
    "id": "wraparound-zakonceni--2",
    "prvek_id": "wraparound-zakonceni",
    "prvek": "Zakončení zpoza branky (wraparound)",
    "kategorie": "Střelba",
    "vek": "2",
    "text": "Hráč objíždí branku a snaží se rychle zakončit zpoza branky. Nízké těžiště, ochrana puku a rychlé ruce u tyče.",
    "pomucky": ["puky", "branka"],
    "delka_min": 8,
    "cile": ["zakonceni_zpoza_branky", "rychle_ruce", "kryti_puku", "timing"],
    "video": ["https://youtu.be/vid-strelba-wraparound-2"],
    "aktualizovano": "2025-09-02"
  },
  {
    "id": "prihravka-na-jeden-dotek--2",
    "prvek_id": "prihravka-na-jeden-dotek",
    "prvek": "Přihrávka na jeden dotek v trojúhelníku",
    "kategorie": "Technika hole",
    "vek": "2",
    "text": "Trojice hráčů do trojúhelníku; přihrávky na jeden dotek po obvodu i do středu. Hlavy nahoře, správné postavení čepele.",
    "pomucky": ["puky", "kuzely (rohy)"],
    "delka_min": 9,
    "cile": ["one_touch", "prihravka", "pohled_vpred", "timing"],
    "video": ["https://youtu.be/vid-technika-one-touch-triangle-2"],
    "aktualizovano": "2025-09-02"
  },
  {
    "id": "toe-drag-zaklad--2",
    "prvek_id": "toe-drag-zaklad",
    "prvek": "Základní toe-drag (přitažení puku k tělu)",
    "kategorie": "Technika hole",
    "vek": "2",
    "text": "Na 2–3 značkách: jemné přitažení puku směrem k sobě a vrácení zpět, nejprve v chůzi, poté v pomalé jízdě.",
    "pomucky": ["puky", "kuzely (znacky)"],
    "delka_min": 8,
    "cile": ["jemna_motorika", "ovladani_cepel", "vedeni_puku", "zmena_smeru"],
    "video": ["https://youtu.be/vid-technika-toe-drag-basic-2"],
    "aktualizovano": "2025-09-02"
  },
  {
    "id": "2v1-najeti-do-prostoru--2",
    "prvek_id": "2v1-najeti-do-prostoru",
    "prvek": "2v1 – najetí do volného prostoru",
    "kategorie": "HČJ",
    "vek": "2",
    "text": "Útočníci spolupracují proti pasivnímu obránci: přihrávka a náběh do prostoru pro zakončení. Učení čtení obránce.",
    "pomucky": ["puky", "mala_branka"],
    "delka_min": 10,
    "cile": ["2v1", "spoluprace", "vyber_prostoru", "rychle_rozhodovani"],
    "video": ["https://youtu.be/vid-hcj-2v1-space-attack-2"],
    "aktualizovano": "2025-09-02"
  },
  {
    "id": "box-out-pred-brankou-light--2",
    "prvek_id": "box-out-pred-brankou-light",
    "prvek": "Obrana před brankou – box-out (lehké stínování)",
    "kategorie": "HČJ",
    "vek": "2",
    "text": "Obránce zaujímá pozici mezi útočníkem a brankou, pracuje tělem a holí bez faulu. Krátké opakované situace.",
    "pomucky": ["kuzely (brankoviště)", "puky", "branka"],
    "delka_min": 9,
    "cile": ["pozicni_hra", "obrana_stinovani", "box_out", "prace_holi"],
    "video": ["https://youtu.be/vid-hcj-box-out-light-2"],
    "aktualizovano": "2025-09-02"
  },
  {
    "id": "had-s-pukem-za-trenerem--2",
    "prvek_id": "had-s-pukem-za-trenerem",
    "prvek": "Had s pukem za trenérem",
    "kategorie": "Hry",
    "vek": "2",
    "text": "Hráči tvoří hada a sledují trenéra s pukem; kopírují jeho změny směru, tempo a krátká zrychlení.",
    "pomucky": ["puky"],
    "delka_min": 8,
    "cile": ["sledovani_pokynu", "vedeni_puku", "zmena_tempa", "orientace_v_prostoru"],
    "video": ["https://youtu.be/vid-hry-had-s-pukem-2"],
    "aktualizovano": "2025-09-02"
  },
  {
    "id": "lovci-a-lisky-s-pukem--2",
    "prvek_id": "lovci-a-lisky-s-pukem",
    "prvek": "Lovci a lišky (s pukem) v boxech",
    "kategorie": "Hry",
    "vek": "2",
    "text": "Hřiště rozděleno na 2–3 boxy; lovci se snaží vypíchnout puk liškám. Krátká kola, rotace rolí, důraz na obratnost a krytí.",
    "pomucky": ["puky", "kuzely (boxy)"],
    "delka_min": 10,
    "cile": ["kryti_puku", "obratnost", "rychla_reakce", "spoluprace"],
    "video": ["https://youtu.be/vid-hry-lovci-lisky-2"],
    "aktualizovano": "2025-09-02"
  },
  {
    "id": "t-stop-leva-prava--2",
    "prvek_id": "t-stop-leva-prava",
    "prvek": "T-stop brzdění (levá i pravá)",
    "kategorie": "Bruslení",
    "vek": "2",
    "text": "Nácvik brzdění do tvaru T na obě strany. Krátké úseky, důraz na přenos váhy a kontrolu hran bez podklouznutí.",
    "pomucky": ["kuzely (start/cíl)"],
    "delka_min": 8,
    "cile": ["t_stop", "brzdeni", "prace_hrany", "stabilita", "prenos_vahy"],
    "video": ["https://youtu.be/vid-brusleni-t-stop-2"],
    "aktualizovano": "2025-09-02"
  },
  {
    "id": "rychlostni-useky-zmena-tempa--2",
    "prvek_id": "rychlostni-useky-zmena-tempa",
    "prvek": "Rychlostní úseky – změna tempa v koridoru",
    "kategorie": "Bruslení",
    "vek": "2",
    "text": "Koridor 10–12 m: pomalu → sprint → pomalu, zakončeno brzdou a obratem. Kolena nad špičkami, hlava nahoře.",
    "pomucky": ["kuzely (koridor)"],
    "delka_min": 9,
    "cile": ["akcelerace", "zmena_tempa", "brzdeni", "koordinace"],
    "video": ["https://youtu.be/vid-brusleni-zmena-tempa-2"],
    "aktualizovano": "2025-09-02"
  },
  {
    "id": "one-timer-lehky-po-prihravce--2",
    "prvek_id": "one-timer-lehky-po-prihravce",
    "prvek": "Lehký one-timer po přihrávce",
    "kategorie": "Střelba",
    "vek": "2",
    "text": "Dvojice: A přihrává do střeleckého postavení, B zakončuje z první lehkým zápěstím. Důraz na načasování a postoj.",
    "pomucky": ["puky", "mala_branka", "terce (volitelne)"],
    "delka_min": 9,
    "cile": ["one_timer", "timing", "presnost", "rychle_zakonceni"],
    "video": ["https://youtu.be/vid-strelba-one-timer-light-2"],
    "aktualizovano": "2025-09-02"
  },
  {
    "id": "drag-release-stred-tela--2",
    "prvek_id": "drag-release-stred-tela",
    "prvek": "Drag & release – přitažení do středu a střela",
    "kategorie": "Střelba",
    "vek": "2",
    "text": "Přitažení puku k sobě do středu těla a okamžité uvolnění zápěstím. Krátký krok vpřed a přenos váhy na přední nohu.",
    "pomucky": ["puky", "mala_branka", "terce"],
    "delka_min": 8,
    "cile": ["priprava_puku", "zapis_zapesti", "presnost", "prenos_vahy"],
    "video": ["https://youtu.be/vid-strelba-drag-release-2"],
    "aktualizovano": "2025-09-02"
  },
  {
    "id": "stickhandling-osmicka-dva-kuzely--2",
    "prvek_id": "stickhandling-osmicka-dva-kuzely",
    "prvek": "Stickhandling do osmičky kolem dvou kuželů",
    "kategorie": "Technika hole",
    "vek": "2",
    "text": "Vedení puku do tvaru osmičky kolem dvou kuželů; časté přehmaty a změna délky doteku s pukem.",
    "pomucky": ["puky", "kuzely (2)"],
    "delka_min": 9,
    "cile": ["vedeni_puku", "jemna_motorika", "zmena_smeru", "ovladani_cepel"],
    "video": ["https://youtu.be/vid-technika-stickhandling-8-2"],
    "aktualizovano": "2025-09-02"
  },
  {
    "id": "prekladani-forehand-backhand-v-pohybu--2",
    "prvek_id": "prekladani-forehand-backhand-v-pohybu",
    "prvek": "Překládání puku forehand ↔ backhand v pohybu",
    "kategorie": "Technika hole",
    "vek": "2",
    "text": "Pomalá jízda vpřed; plynulé střídání strany čepele a lehké změny šířky vedení puku. Hlava nahoře.",
    "pomucky": ["puky"],
    "delka_min": 8,
    "cile": ["vedeni_puku", "kontrola_cepel", "pohled_vpred", "koordinace"],
    "video": ["https://youtu.be/vid-technika-forehand-backhand-2"],
    "aktualizovano": "2025-09-02"
  },
  {
    "id": "give-and-go-u-branky--2",
    "prvek_id": "give-and-go-u-branky",
    "prvek": "Give-and-go u branky (1-2) – zakončení na druhé tyči",
    "kategorie": "HČJ",
    "vek": "2",
    "text": "A přihrává B a okamžitě si najíždí do volného prostoru; B vrací do jízdy a A zakončuje u druhé tyče.",
    "pomucky": ["puky", "branka", "kuzely (vymezeni zony)"],
    "delka_min": 10,
    "cile": ["give_and_go", "spoluprace", "timing", "vyber_prostoru"],
    "video": ["https://youtu.be/vid-hcj-give-and-go-crease-2"],
    "aktualizovano": "2025-09-02"
  },
  {
    "id": "poke-check-v-koridoru--2",
    "prvek_id": "poke-check-v-koridoru",
    "prvek": "Poke-check v koridoru (bez faulu)",
    "kategorie": "HČJ",
    "vek": "2",
    "text": "Obránce couvá v koridoru a načasuje vypíchnutí puku; útočník vede puk a kryje tělem. Krátké výměny rolí.",
    "pomucky": ["puky", "kuzely (koridor)"],
    "delka_min": 9,
    "cile": ["poke_check", "obrana_stinovani", "kryti_puku", "cteni_hry"],
    "video": ["https://youtu.be/vid-hcj-poke-check-lane-2"],
    "aktualizovano": "2025-09-02"
  },
  {
    "id": "mosty-z-hokejek-s-pukem--2",
    "prvek_id": "mosty-z-hokejek-s-pukem",
    "prvek": "Mosty z hokejek s pukem (přejezdy)",
    "kategorie": "Hry",
    "vek": "2",
    "text": "2–3 položené hokejky jako „mosty“: bezpečný přejezd s vedením puku a krátkým zrychlením za překážkou.",
    "pomucky": ["puky", "hokejky", "kuzely"],
    "delka_min": 8,
    "cile": ["vedeni_puku", "rovnovaha", "zmena_tempa", "orientace_v_prostoru"],
    "video": ["https://youtu.be/vid-hry-mosty-hokejky-2"],
    "aktualizovano": "2025-09-02"
  },
  {
    "id": "strelba-na-terce-soutez--2",
    "prvek_id": "strelba-na-terce-soutez",
    "prvek": "Střelecká soutěž na terče (bodování)",
    "kategorie": "Hry",
    "vek": "2",
    "text": "Krátká soutěž: 5–6 pokusů na terče v brance. Můstek pro motivaci: bodování za zásahy, rotace stanovišť.",
    "pomucky": ["puky", "branka", "terce"],
    "delka_min": 10,
    "cile": ["presnost", "rychle_zakonceni", "soutezivost", "koncentrace"],
    "video": ["https://youtu.be/vid-hry-strelba-terce-2"],
    "aktualizovano": "2025-09-02"
  }
]