[
  {
    "id": "preslapovani-vzad-oblouk--3",
    "prvek_id": "preslapovani-vzad-oblouk",
    "prvek": "Přešlapování v oblouku vzad (malý kruh)",
    "kategorie": "Bruslení",
    "vek": "3",
    "text": "Jízda po kruhu vzad s přešlapováním na vnitřní i vnější hraně. Důraz na práci ramen a přenos váhy.",
    "pomucky": ["kuzely (vytyčení kruhu)"],
    "delka_min": 9,
    "cile": ["jizda_vzad", "preslapovani", "prace_hrany", "stabilita", "prenos_vahy"],
    "video": ["https://youtu.be/vid-brusleni-preslapovani-vzad-3"],
    "aktualizovano": "2025-09-02"
  },
  {
    "id": "mohawk-slalom-vpred-vzad--3",
    "prvek_id": "mohawk-slalom-vpred-vzad",
    "prvek": "Mohawk přechody vpřed↔vzad ve slalomu",
    "kategorie": "Bruslení",
    "vek": "3",
    "text": "Slalom mezi kužely s pravidelnými přechody mohawk vpřed–vzad. Nízko v kolenou, plynulá změna směru.",
    "pomucky": ["kuzely"],
    "delka_min": 8,
    "cile": ["mohawk", "prechod_vpred_vzad", "zmena_smeru", "koordinace"],
    "video": ["https://youtu.be/vid-brusleni-mohawk-slalom-3"],
    "aktualizovano": "2025-09-02"
  },
  {
    "id": "starty-v-postaveni-v-prvni-tri-kroky--3",
    "prvek_id": "starty-v-postaveni-v-prvni-tri-kroky",
    "prvek": "Starty z postavení „V“ + první tři kroky",
    "kategorie": "Bruslení",
    "vek": "3",
    "text": "Dynamický start ze stoje (V-postoj), důraz na krátké silné kroky a rychlý přechod do skluzu.",
    "pomucky": ["kuzely (start/cil)"],
    "delka_min": 8,
    "cile": ["akcelerace", "zmena_tempa", "stabilita", "koordinace"],
    "video": ["https://youtu.be/vid-brusleni-start-v-3"],
    "aktualizovano": "2025-09-02"
  },
  {
    "id": "strela-pres-clonu--3",
    "prvek_id": "strela-pres-clonu",
    "prvek": "Střela přes clonu (hráč/figurína)",
    "kategorie": "Střelba",
    "vek": "3",
    "text": "Příprava puku do středu těla a rychlá střela přes clonu. Důraz na načasování a přesnost do vymezené zóny.",
    "pomucky": ["puky", "mala_branka", "clona (hrac/figurina)", "terce"],
    "delka_min": 10,
    "cile": ["presnost", "timing", "rychle_zakonceni", "priprava_puku"],
    "video": ["https://youtu.be/vid-strelba-pres-clonu-3"],
    "aktualizovano": "2025-09-02"
  },
  {
    "id": "one-timer-z-mezikruzi-krizna--3",
    "prvek_id": "one-timer-z-mezikruzi-krizna",
    "prvek": "One-timer z mezikruží po křížné přihrávce",
    "kategorie": "Střelba",
    "vek": "3",
    "text": "A vede puk po křídle a dává křížem na B; B zakončuje z první z prostoru mezikruží. Postoj otevřený do přihrávky.",
    "pomucky": ["puky", "mala_branka", "terce (volitelne)"],
    "delka_min": 9,
    "cile": ["one_timer", "timing", "uhel_strely", "rychle_zakonceni"],
    "video": ["https://youtu.be/vid-strelba-one-timer-krizna-3"],
    "aktualizovano": "2025-09-02"
  },
  {
    "id": "bekhend-z-jizdy-po-pritazeni--3",
    "prvek_id": "bekhend-z-jizdy-po-pritazeni",
    "prvek": "Bekhend z jízdy po přitažení puku",
    "kategorie": "Střelba",
    "vek": "3",
    "text": "Vedení puku, krátké přitažení k tělu a nadzvednutí bekhendem na horní terč. Plynulý přenos váhy vpřed.",
    "pomucky": ["puky", "mala_branka", "terce (horní)"],
    "delka_min": 8,
    "cile": ["vedeni_puku", "nadzvednuti_puku", "presnost", "prenos_vahy"],
    "video": ["https://youtu.be/vid-strelba-bekhend-ride-3"],
    "aktualizovano": "2025-09-02"
  },
  {
    "id": "toe-drag-kolem-obrance-zakonci--3",
    "prvek_id": "toe-drag-kolem-obrance-zakonci",
    "prvek": "Toe-drag kolem „obránce“ a zakončení",
    "kategorie": "Technika hole",
    "vek": "3",
    "text": "Přitažení puku (toe-drag) kolem kuželu simulujícího obránce a rychlé zakončení. Hlava nahoře, krátký dotek.",
    "pomucky": ["puky", "kuzely", "mala_branka"],
    "delka_min": 9,
    "cile": ["jemna_motorika", "ovladani_cepel", "zmena_smeru", "rychle_zakonceni"],
    "video": ["https://youtu.be/vid-technika-toe-drag-shoot-3"],
    "aktualizovano": "2025-09-02"
  },
  {
    "id": "prihravka-na-slepou-stranu--3",
    "prvek_id": "prihravka-na-slepou-stranu",
    "prvek": "Přihrávka na „slepou“ stranu do prostoru",
    "kategorie": "Technika hole",
    "vek": "3",
    "text": "A táhne puk k mantinelu a dává skrytou přihrávku do prostoru za sebe; B najíždí a v pohybu přebírá.",
    "pomucky": ["puky"],
    "delka_min": 8,
    "cile": ["prihravka", "timing", "pohled_vpred", "koordinace"],
    "video": ["https://youtu.be/vid-technika-slepá-prihravka-3"],
    "aktualizovano": "2025-09-02"
  },
  {
    "id": "2v2-cyklovani-v-rohu--3",
    "prvek_id": "2v2-cyklovani-v-rohu",
    "prvek": "2v2 cyklování v rohu + přihrávka do slotu",
    "kategorie": "HČJ",
    "vek": "3",
    "text": "Dvojice útočníků cyklují po mantinelu, hledají uvolnění a přihrávku do slotu proti dvojici obránců (lehce pasivní).",
    "pomucky": ["puky", "kuzely (vymezeni zony)"],
    "delka_min": 10,
    "cile": ["2v2", "spoluprace", "vyber_prostoru", "cteni_hry"],
    "video": ["https://youtu.be/vid-hcj-2v2-cycle-slot-3"],
    "aktualizovano": "2025-09-02"
  },
  {
    "id": "forecheck-f1-f2-uzavreni-uhlu--3",
    "prvek_id": "forecheck-f1-f2-uzavreni-uhlu",
    "prvek": "Forecheck F1/F2 – uzavření úhlu a stínování",
    "kategorie": "HČJ",
    "vek": "3",
    "text": "F1 tlačí na rozehrávku a zavírá úhel, F2 zajišťuje střed. Bez faulu, hůl v dráze puku, rychlé přepínání rolí.",
    "pomucky": ["kuzely (koridory)", "puky (volitelne)"],
    "delka_min": 9,
    "cile": ["obrana_stinovani", "zmena_tempa", "cteni_hry", "pozicni_hra"],
    "video": ["https://youtu.be/vid-hcj-forecheck-f1f2-3"],
    "aktualizovano": "2025-09-02"
  },
  {
    "id": "kral-kruhu-s-pukem--3",
    "prvek_id": "kral-kruhu-s-pukem",
    "prvek": "Král kruhu s pukem (malý prostor)",
    "kategorie": "Hry",
    "vek": "3",
    "text": "Box cca 3×3 m: každý s pukem, cílem je udržet svůj a vyrazit soupeřům. Krátká kola, rotace a bodování.",
    "pomucky": ["puky", "kuzely (box)"],
    "delka_min": 8,
    "cile": ["kryti_puku", "obratnost", "rychla_reakce", "soutezivost"],
    "video": ["https://youtu.be/vid-hry-kral-kruhu-3"],
    "aktualizovano": "2025-09-02"
  },
  {
    "id": "ctyri-branky-dva-puky--3",
    "prvek_id": "ctyri-branky-dva-puky",
    "prvek": "Miniturnaj na čtyři branky se dvěma puky",
    "kategorie": "Hry",
    "vek": "3",
    "text": "Hřiště na šířku se 4 brankami v rozích; hraje se se 2 puky. Důraz na rychlé rozhodování a komunikaci.",
    "pomucky": ["puky (2)", "mala_branka (4)", "kuzely (vymezeni hristě)"],
    "delka_min": 12,
    "cile": ["spoluprace", "rychle_rozhodovani", "orientace_v_prostoru", "komunikace"],
    "video": ["https://youtu.be/vid-hry-4-goals-2-pucks-3"],
    "aktualizovano": "2025-09-02"
  },
  {
    "id": "osmicky-vzad-mohawk-vpred--3",
    "prvek_id": "osmicky-vzad-mohawk-vpred",
    "prvek": "Osmičky vzad + mohawk přechod do předu",
    "kategorie": "Bruslení",
    "vek": "3",
    "text": "Jízda do osmičky vzad s pravidelným přechodem mohawk do jízdy vpřed. Stabilní trup, práce ramen a boků.",
    "pomucky": ["kuzely (osmička)"],
    "delka_min": 9,
    "cile": ["jizda_vzad", "mohawk", "prechod_vpred_vzad", "zmena_smeru", "stabilita"],
    "video": ["https://youtu.be/vid-brusleni-osmicky-vzad-mohawk-3"],
    "aktualizovano": "2025-09-02"
  },
  {
    "id": "prejezdy-hokejek-brzda-pivot--3",
    "prvek_id": "prejezdy-hokejek-brzda-pivot",
    "prvek": "Přejezdy hokejek + brzda + pivot 180°",
    "kategorie": "Bruslení",
    "vek": "3",
    "text": "Krátké sekvence: přejezd 2–3 „mostů“, okamžitá brzda a pivot o 180°. Nízké těžiště, plynulý přenos váhy.",
    "pomucky": ["hokejky", "kuzely (obrátkové body)"],
    "delka_min": 8,
    "cile": ["rovnovaha", "brzdeni", "zmena_smeru", "prace_hrany", "prenos_vahy"],
    "video": ["https://youtu.be/vid-brusleni-prejezdy-brzda-pivot-3"],
    "aktualizovano": "2025-09-02"
  },
  {
    "id": "reakcni-starty-zmena-drahy--3",
    "prvek_id": "reakcni-starty-zmena-drahy",
    "prvek": "Reakční starty se změnou dráhy",
    "kategorie": "Bruslení",
    "vek": "3",
    "text": "Start na akustický/optický signál; v polovině úseku změna dráhy mezi kužely. Důraz na zrychlení a rychlou reakci.",
    "pomucky": ["kuzely (koridor)"],
    "delka_min": 9,
    "cile": ["akcelerace", "rychla_reakce", "zmena_smeru", "zmena_tempa"],
    "video": ["https://youtu.be/vid-brusleni-reakcni-starty-3"],
    "aktualizovano": "2025-09-02"
  },
  {
    "id": "pump-fake-posun-strela--3",
    "prvek_id": "pump-fake-posun-strela",
    "prvek": "Naznačení střely + posun a střela",
    "kategorie": "Střelba",
    "vek": "3",
    "text": "Krátká klička naznačením střely, posun puku do lepšího úhlu a okamžité zakončení zápěstím.",
    "pomucky": ["puky", "mala_branka", "terce"],
    "delka_min": 10,
    "cile": ["priprava_puku", "prace_zapesti", "uhel_strely", "rychle_zakonceni", "presnost"],
    "video": ["https://youtu.be/vid-strelba-pump-fake-3"],
    "aktualizovano": "2025-09-02"
  },
  {
    "id": "strela-z-druhe-vlny--3",
    "prvek_id": "strela-z-druhe-vlny",
    "prvek": "Zakončení z druhé vlny (trailer)",
    "kategorie": "Střelba",
    "vek": "3",
    "text": "A táhne obranu k mantinelu, B si najede do druhé vlny a zakončí po zpětné přihrávce. Načasování a výběr prostoru.",
    "pomucky": ["puky", "mala_branka"],
    "delka_min": 9,
    "cile": ["vyber_prostoru", "timing", "uhel_strely", "rychle_zakonceni"],
    "video": ["https://youtu.be/vid-strelba-druha-vlna-3"],
    "aktualizovano": "2025-09-02"
  },
  {
    "id": "one-timer-backhand--3",
    "prvek_id": "one-timer-backhand",
    "prvek": "One-timer bekhendem (krátká vzdálenost)",
    "kategorie": "Střelba",
    "vek": "3",
    "text": "Krátká přihrávka do prostoru a okamžité zakončení bekhendem z první. Měkké ruce, kontrola úhlu hole.",
    "pomucky": ["puky", "mala_branka", "terce (volitelne)"],
    "delka_min": 8,
    "cile": ["one_timer", "timing", "presnost", "rychle_zakonceni"],
    "video": ["https://youtu.be/vid-strelba-one-timer-backhand-3"],
    "aktualizovano": "2025-09-02"
  },
  {
    "id": "one-touch-ctverec-v-pohybu--3",
    "prvek_id": "one-touch-ctverec-v-pohybu",
    "prvek": "Přihrávka na jeden dotek v pohybu (čtverec)",
    "kategorie": "Technika hole",
    "vek": "3",
    "text": "Čtverec 8–10 m: hráči rotují a přihrávají si na jeden dotek po obvodu i na diagonálu. Hlavy nahoře.",
    "pomucky": ["puky", "kuzely (rohy ctverce)"],
    "delka_min": 9,
    "cile": ["one_touch", "prihravka", "pohled_vpred", "koordinace", "timing"],
    "video": ["https://youtu.be/vid-technika-one-touch-square-3"],
    "aktualizovano": "2025-09-02"
  },
  {
    "id": "chip-nad-holi-obrance--3",
    "prvek_id": "chip-nad-holi-obrance",
    "prvek": "„Chip“ nad holí obránce",
    "kategorie": "Technika hole",
    "vek": "3",
    "text": "Krátké nadzvednutí puku přes položenou hůl a okamžité dojetí puku do prostoru. Precizní dotek a načasování.",
    "pomucky": ["puky", "hokejka (prekazka)"],
    "delka_min": 8,
    "cile": ["nadzvednuti_puku", "ovladani_cepel", "timing", "vedeni_puku"],
    "video": ["https://youtu.be/vid-technika-chip-over-stick-3"],
    "aktualizovano": "2025-09-02"
  },
  {
    "id": "1v1-vybojovani-u-mantinelu--3",
    "prvek_id": "1v1-vybojovani-u-mantinelu",
    "prvek": "1v1 vybojování puku u mantinelu + výjezd",
    "kategorie": "HČJ",
    "vek": "3",
    "text": "Souboj o puk u mantinelu s lehkým zapřením (bez bodyčeku), krytí puku a výjezd do středu na zakončení.",
    "pomucky": ["puky", "kuzely (cilovy koridor)"],
    "delka_min": 10,
    "cile": ["1v1", "kryti_puku", "pozicni_hra", "zmena_smeru", "rychle_zakonceni"],
    "video": ["https://youtu.be/vid-hcj-1v1-board-battle-exit-3"],
    "aktualizovano": "2025-09-02"
  },
  {
    "id": "3v2-na-sirku-rychla-vymena--3",
    "prvek_id": "3v2-na-sirku-rychla-vymena",
    "prvek": "3v2 na šířku – rychlá výměna a střela",
    "kategorie": "HČJ",
    "vek": "3",
    "text": "Trojice proti dvojici (lehce pasivní obrana): rychlá výměna puku do střelecké pozice. Důraz na šířku a druhou vlnu.",
    "pomucky": ["puky", "mala_branka", "kuzely (zmenšení plochy)"],
    "delka_min": 10,
    "cile": ["spoluprace", "vyber_prostoru", "rychle_rozhodovani", "cteni_hry"],
    "video": ["https://youtu.be/vid-hcj-3v2-wide-quick-shot-3"],
    "aktualizovano": "2025-09-02"
  },
  {
    "id": "ctyri-rohy-reakce-na-barvu--3",
    "prvek_id": "ctyri-rohy-reakce-na-barvu",
    "prvek": "Čtyři rohy – reakce na barvu/číslo",
    "kategorie": "Hry",
    "vek": "3",
    "text": "Hřiště rozděleno do 4 zón. Trenér hlásí barvu/číslo; hráči s pukem sprintují do správné zóny. Krátká kola, rotace.",
    "pomucky": ["puky", "kuzely (4 barvy/oznaceni)"],
    "delka_min": 8,
    "cile": ["rychla_reakce", "zmena_smeru", "orientace_v_prostoru", "soutezivost"],
    "video": ["https://youtu.be/vid-hry-ctyri-rohy-3"],
    "aktualizovano": "2025-09-02"
  },
  {
    "id": "minihokej-4v4-small-area--3",
    "prvek_id": "minihokej-4v4-small-area",
    "prvek": "Minihokej 4v4 v malém prostoru",
    "kategorie": "Hry",
    "vek": "3",
    "text": "Utkání 4v4 na zmenšené ploše. Vysoká intenzita doteků, rychlé přepínání a komunikace. Střídání po ~40 s.",
    "pomucky": ["puky", "mala_branka (2–4)", "kuzely (vymezení hřiště)"],
    "delka_min": 12,
    "cile": ["spoluprace", "komunikace", "rychle_rozhodovani", "1v1", "vyber_prostoru"],
    "video": ["https://youtu.be/vid-hry-minihokej-4v4-3"],
    "aktualizovano": "2025-09-02"
  },
  {
    "id": "power-turn-u-mantinelu--3",
    "prvek_id": "power-turn-u-mantinelu",
    "prvek": "Power turn u mantinelu (vpřed)",
    "kategorie": "Bruslení",
    "vek": "3",
    "text": "Najetí k mantinelu, ostrý power turn a okamžitý odraz zpět do hry. Nízko v kolenou, ramena vedou obrat.",
    "pomucky": ["kuzely (obrátkové body)", "mantinel"],
    "delka_min": 9,
    "cile": ["power_turn", "prace_hrany", "zmena_smeru", "stabilita", "prenos_vahy"],
    "video": ["https://youtu.be/vid-brusleni-power-turn-mantinel-3"],
    "aktualizovano": "2025-09-02"
  },
  {
    "id": "hokejovy-stop-otocka-rychly-odraz--3",
    "prvek_id": "hokejovy-stop-otocka-rychly-odraz",
    "prvek": "Hokejový stop + otočka a rychlý odraz",
    "kategorie": "Bruslení",
    "vek": "3",
    "text": "Úsek 10–12 m: hokejový stop na obě strany, otočka o 180° a rychlá akcelerace zpět. Plynulá práce hran.",
    "pomucky": ["kuzely (start/cíl)"],
    "delka_min": 8,
    "cile": ["brzdeni", "zmena_smeru", "akcelerace", "prace_hrany"],
    "video": ["https://youtu.be/vid-brusleni-stop-otocka-3"],
    "aktualizovano": "2025-09-02"
  },
  {
    "id": "vpred-vzad-pres-hokejku-pivot--3",
    "prvek_id": "vpred-vzad-pres-hokejku-pivot",
    "prvek": "Vpřed↔vzad přes hokejku (přešlap + pivot)",
    "kategorie": "Bruslení",
    "vek": "3",
    "text": "Přechod mohawk vpřed–vzad přes položenou hokejku, kontrola těžiště a plynulý pivot.",
    "pomucky": ["hokejka (překážka)", "kuzely"],
    "delka_min": 9,
    "cile": ["mohawk", "prechod_vpred_vzad", "rovnovaha", "koordinace"],
    "video": ["https://youtu.be/vid-brusleni-mohawk-pres-hokejku-3"],
    "aktualizovano": "2025-09-02"
  },
  {
    "id": "strela-po-zpetne-prihravce-ze-slotu--3",
    "prvek_id": "strela-po-zpetne-prihravce-ze-slotu",
    "prvek": "Střela po zpětné přihrávce ze slotu",
    "kategorie": "Střelba",
    "vek": "3",
    "text": "A odtáhne obranu, drop zpět na B do slotu a okamžité zakončení. Důraz na načasování a úhel střely.",
    "pomucky": ["puky", "branka", "terce (volitelné)"],
    "delka_min": 10,
    "cile": ["timing", "uhel_strely", "priprava_puku", "rychle_zakonceni", "presnost"],
    "video": ["https://youtu.be/vid-strelba-drop-slot-3"],
    "aktualizovano": "2025-09-02"
  },
  {
    "id": "strela-z-ostreho-uhlu-po-vyjeti--3",
    "prvek_id": "strela-z-ostreho-uhlu-po-vyjeti",
    "prvek": "Střela z ostrého úhlu po vyjetí na bližší tyč",
    "kategorie": "Střelba",
    "vek": "3",
    "text": "Vyjetí zpoza branky na bližší tyč a rychlé zakončení zápěstím. Čtení brankáře, kontrola úhlu.",
    "pomucky": ["puky", "branka"],
    "delka_min": 8,
    "cile": ["rychle_zakonceni", "uhel_strely", "presnost", "prace_zapesti"],
    "video": ["https://youtu.be/vid-strelba-ostry-uhel-3"],
    "aktualizovano": "2025-09-02"
  },
  {
    "id": "clona-a-dorazka--3",
    "prvek_id": "clona-a-dorazka",
    "prvek": "Clona před brankou + dorážka",
    "kategorie": "Střelba",
    "vek": "3",
    "text": "A cloní před brankářem, B střílí nízko na betony; A sleduje odraz a doráží. Bez kontaktu s brankářem.",
    "pomucky": ["puky", "branka", "terce (spodní)"],
    "delka_min": 9,
    "cile": ["clona", "dorazeni", "cteni_odrazu", "timing", "spoluprace"],
    "video": ["https://youtu.be/vid-strelba-clona-dorazka-3"],
    "aktualizovano": "2025-09-02"
  },
  {
    "id": "saucer-prihravka-kratka--3",
    "prvek_id": "saucer-prihravka-kratka",
    "prvek": "Nadzvednutá přihrávka (saucer) 3–5 m",
    "kategorie": "Technika hole",
    "vek": "3",
    "text": "Krátká nadzvednutá přihrávka přes hůl/mini překážku a převzetí v pohybu. Jemný dotek a načasování.",
    "pomucky": ["puky", "hokejka (překážka)"],
    "delka_min": 8,
    "cile": ["saucer_prihravka", "prihravka", "timing", "jemna_motorika"],
    "video": ["https://youtu.be/vid-technika-saucer-short-3"],
    "aktualizovano": "2025-09-02"
  },
  {
    "id": "inside-out-klicka-posun-do-stredu--3",
    "prvek_id": "inside-out-klicka-posun-do-stredu",
    "prvek": "Inside-out klička a posun do středu",
    "kategorie": "Technika hole",
    "vek": "3",
    "text": "Naznačení do vnější strany, přetažení puku dovnitř (inside-out) a posun do střelecké zóny.",
    "pomucky": ["puky", "kuzely (obránce)"],
    "delka_min": 9,
    "cile": ["zmena_smeru", "ovladani_cepel", "vedeni_puku", "pohled_vpred"],
    "video": ["https://youtu.be/vid-technika-inside-out-3"],
    "aktualizovano": "2025-09-02"
  },
  {
    "id": "angling-k-mantinelu--3",
    "prvek_id": "angling-k-mantinelu",
    "prvek": "Angling – vytlačení soupeře k mantinelu",
    "kategorie": "HČJ",
    "vek": "3",
    "text": "Obránce navádí útočníka k mantinelu, hůl v linii přihrávky, včasné vypíchnutí puku. Bez bodyčeku.",
    "pomucky": ["kuzely (koridory)", "puky"],
    "delka_min": 10,
    "cile": ["angling", "obrana_stinovani", "pozicni_hra", "poke_check"],
    "video": ["https://youtu.be/vid-hcj-angling-board-3"],
    "aktualizovano": "2025-09-02"
  },
  {
    "id": "rychly-protiutok-po-zisku--3",
    "prvek_id": "rychly-protiutok-po-zisku",
    "prvek": "Rychlý protiútok po zisku puku (2v1/2v0)",
    "kategorie": "HČJ",
    "vek": "3",
    "text": "Po zisku puku v rohu rychlý výjezd do střední zóny a přihrávka do úniku; zakončení z výhodného úhlu.",
    "pomucky": ["puky", "kuzely (trasa)"],
    "delka_min": 10,
    "cile": ["prechod_do_utoku", "spoluprace", "timing", "rychle_rozhodovani", "vyber_prostoru"],
    "video": ["https://youtu.be/vid-hcj-quick-counter-3"],
    "aktualizovano": "2025-09-02"
  },
  {
    "id": "3v3-s-povinnou-prihravkou--3",
    "prvek_id": "3v3-s-povinnou-prihravkou",
    "prvek": "3v3 s povinnou přihrávkou před zakončením",
    "kategorie": "Hry",
    "vek": "3",
    "text": "Hra na šířku: před každým gólem musí tým provést alespoň jednu přihrávku. Rychlé rozhodování a spolupráce.",
    "pomucky": ["puky", "mala_branka (2–4)", "kuzely (vymezení hřiště)"],
    "delka_min": 12,
    "cile": ["spoluprace", "prihravka", "rychle_rozhodovani", "komunikace"],
    "video": ["https://youtu.be/vid-hry-3v3-must-pass-3"],
    "aktualizovano": "2025-09-02"
  },
  {
    "id": "honicka-s-prihravkou--3",
    "prvek_id": "honicka-s-prihravkou",
    "prvek": "Honička s přihrávkou (It) – osvobození přihrávkou",
    "kategorie": "Hry",
    "vek": "3",
    "text": "Jeden „It“ bez puku, ostatní s pukem. Osvobodí se rychlou přihrávkou spoluhráči v boxu. Krátká kola, rotace rolí.",
    "pomucky": ["puky", "kuzely (box)"],
    "delka_min": 8,
    "cile": ["prihravka", "pohled_vpred", "rychla_reakce", "orientace_v_prostoru", "soutezivost"],
    "video": ["https://youtu.be/vid-hry-honicka-pass-3"],
    "aktualizovano": "2025-09-02"
  }
]