[
  {
    "id": "preslapovani-vzad-sprint-vpred--4",
    "prvek_id": "preslapovani-vzad-sprint-vpred",
    "prvek": "Přešlapování vzad + sprint vpřed (přechod)",
    "kategorie": "Bruslení",
    "vek": "4",
    "text": "Úsek vzad s přešlapováním po oblouku, rychlý mohawk přechod do jízdy vpřed a sprint 8–10 m. Plynulá práce hran.",
    "pomucky": ["kuzely (oblouk/start/cíl)"],
    "delka_min": 9,
    "cile": ["jizda_vzad", "preslapovani", "prechod_vpred_vzad", "akcelerace", "prace_hrany"],
    "video": ["https://youtu.be/vid-brusleni-back-crossover-to-sprint-4"],
    "aktualizovano": "2025-09-02"
  },
  {
    "id": "jednonozni-slalom-po-hranach--4",
    "prvek_id": "jednonozni-slalom-po-hranach",
    "prvek": "Jednonožní slalom po hranách",
    "kategorie": "Bruslení",
    "vek": "4",
    "text": "Krátké oblouky jen na jedné noze; střídání vnitřní/vnější hrany. Kontrola těžiště a rovnováhy.",
    "pomucky": ["kuzely (slalom)"],
    "delka_min": 8,
    "cile": ["rovnovaha", "prace_hrany", "stabilita", "koordinace"],
    "video": ["https://youtu.be/vid-brusleni-one-foot-edges-4"],
    "aktualizovano": "2025-09-02"
  },
  {
    "id": "mohawk-osmicky-s-pukem--4",
    "prvek_id": "mohawk-osmicky-s-pukem",
    "prvek": "Mohawk osmičky s pukem + pivot 180°",
    "kategorie": "Bruslení",
    "vek": "4",
    "text": "Jízda do osmičky s pravidelnými mohawk přechody a vloženým pivotem 180°. Vedení puku hlavou nahoře.",
    "pomucky": ["kuzely (osmička)", "puky"],
    "delka_min": 10,
    "cile": ["mohawk", "prechod_vpred_vzad", "zmena_smeru", "vedeni_puku", "stabilita"],
    "video": ["https://youtu.be/vid-brusleni-mohawk-figure8-pivot-4"],
    "aktualizovano": "2025-09-02"
  },
  {
    "id": "redirect-tec-pred-brankou--4",
    "prvek_id": "redirect-tec-pred-brankou",
    "prvek": "Tečování a přesměrování před brankou",
    "kategorie": "Střelba",
    "vek": "4",
    "text": "Střely z bodů; hráč před brankou mění dráhu puku tečí a okamžitě hledá dorážku. Správná pozice těla a hokejky.",
    "pomucky": ["puky", "branka", "terce (střely z bodů)"],
    "delka_min": 10,
    "cile": ["tec", "clona", "dorazeni", "timing", "presnost"],
    "video": ["https://youtu.be/vid-strelba-redirect-tips-4"],
    "aktualizovano": "2025-09-02"
  },
  {
    "id": "strela-po-prihravce-o-mantinel--4",
    "prvek_id": "strela-po-prihravce-o-mantinel",
    "prvek": "Střela po přihrávce o mantinel (z první)",
    "kategorie": "Střelba",
    "vek": "4",
    "text": "A posílá bank o mantinel do prostoru, B najíždí a zakončuje z první. Důraz na otevřený postoj do puku.",
    "pomucky": ["puky", "branka", "mantinel"],
    "delka_min": 9,
    "cile": ["one_timer", "uhel_strely", "timing", "rychle_zakonceni"],
    "video": ["https://youtu.be/vid-strelba-bank-pass-one-timer-4"],
    "aktualizovano": "2025-09-02"
  },
  {
    "id": "snap-shot-v-pohybu-z-ostreho-uhlu--4",
    "prvek_id": "snap-shot-v-pohybu-z-ostreho-uhlu",
    "prvek": "Snap shot v pohybu z ostrého úhlu",
    "kategorie": "Střelba",
    "vek": "4",
    "text": "Vedení puku po lajně, rychlé přitažení do lepšího úhlu a snap shot na bližší/vzdálenější tyč.",
    "pomucky": ["puky", "branka", "terce (rohy)"],
    "delka_min": 8,
    "cile": ["rychle_zakonceni", "uhel_strely", "priprava_puku", "prace_zapesti"],
    "video": ["https://youtu.be/vid-strelba-snap-shot-angle-4"],
    "aktualizovano": "2025-09-02"
  },
  {
    "id": "saucer-prihravka-6-8m--4",
    "prvek_id": "saucer-prihravka-6-8m",
    "prvek": "Nadzvednutá přihrávka 6–8 m (s příjmem v jízdě)",
    "kategorie": "Technika hole",
    "vek": "4",
    "text": "Nadzvednutá přihrávka přes překážku a plynulý příjem v plné jízdě. Hlava nahoře, načasování kroku.",
    "pomucky": ["puky", "hokejka (překážka)"],
    "delka_min": 9,
    "cile": ["saucer_prihravka", "prijem_puku", "timing", "pohled_vpred"],
    "video": ["https://youtu.be/vid-technika-saucer-6-8m-4"],
    "aktualizovano": "2025-09-02"
  },
  {
    "id": "look-off-skrivana-prihravka--4",
    "prvek_id": "look-off-skrivana-prihravka",
    "prvek": "Look-off – skrytá přihrávka proti směru pohledu",
    "kategorie": "Technika hole",
    "vek": "4",
    "text": "Naznačení pohledem na A, skutečná přihrávka na B. Krátká vzdálenost, provedení v pohybu, minimálně dva opakované vzory.",
    "pomucky": ["puky", "kuzely (pozice A/B)"],
    "delka_min": 8,
    "cile": ["prihravka", "naznaceni", "timing", "pohled_vpred", "koordinace"],
    "video": ["https://youtu.be/vid-technika-look-off-pass-4"],
    "aktualizovano": "2025-09-02"
  },
  {
    "id": "2v2-switch-se-zastenou--4",
    "prvek_id": "2v2-switch-se-zastenou",
    "prvek": "2v2 switch se zástěnou (bez faulu)",
    "kategorie": "HČJ",
    "vek": "4",
    "text": "Útočníci si vymění pozice, jeden vytváří legální zástěnu tělem; přihrávka do volného prostoru a rychlé zakončení.",
    "pomucky": ["puky", "kuzely (vymezení zóny)"],
    "delka_min": 10,
    "cile": ["2v2", "spoluprace", "vyber_prostoru", "cteni_hry", "timing"],
    "video": ["https://youtu.be/vid-hcj-2v2-switch-screen-4"],
    "aktualizovano": "2025-09-02"
  },
  {
    "id": "backcheck-uhlem-oddeleni-puku--4",
    "prvek_id": "backcheck-uhlem-oddeleni-puku",
    "prvek": "Backcheck úhlem + oddělení puku",
    "kategorie": "HČJ",
    "vek": "4",
    "text": "Rychlý návrat do obrany s vedením úhlu na mantinel, vypíchnutí puku a kontrolovaný přechod do útoku.",
    "pomucky": ["puky", "kuzely (koridory)"],
    "delka_min": 9,
    "cile": ["backcheck", "angling", "poke_check", "prechod_do_utoku", "cteni_hry"],
    "video": ["https://youtu.be/vid-hcj-backcheck-angle-4"],
    "aktualizovano": "2025-09-02"
  },
  {
    "id": "3v3-two-touch-small-area--4",
    "prvek_id": "3v3-two-touch-small-area",
    "prvek": "3v3 v malém prostoru – limit 2 doteky",
    "kategorie": "Hry",
    "vek": "4",
    "text": "Hra 3v3 na zmenšené ploše, max. 2 doteky před zakončením. Tlak na rychlé rozhodování a pozici těla.",
    "pomucky": ["puky", "mala_branka (2–4)", "kuzely (vymezení hřiště)"],
    "delka_min": 12,
    "cile": ["spoluprace", "dotek_limit", "rychle_rozhodovani", "komunikace"],
    "video": ["https://youtu.be/vid-hry-3v3-two-touch-4"],
    "aktualizovano": "2025-09-02"
  },
  {
    "id": "ctyri-branky-rotace-smeru--4",
    "prvek_id": "ctyri-branky-rotace-smeru",
    "prvek": "Čtyři branky – rychlá rotace směru",
    "kategorie": "Hry",
    "vek": "4",
    "text": "Hra na šířku se 4 brankami v rozích; každých 30 s změna směru útoku. Důraz na komunikaci a orientaci.",
    "pomucky": ["puky", "mala_branka (4)", "kuzely (vymezení hřiště)"],
    "delka_min": 12,
    "cile": ["orientace_v_prostoru", "komunikace", "zmena_smeru", "rychle_rozhodovani"],
    "video": ["https://youtu.be/vid-hry-4-goals-rotation-4"],
    "aktualizovano": "2025-09-02"
  },
  {
    "id": "crossover-zmeny-pasu-rychla-akcelerace--4",
    "prvek_id": "crossover-zmeny-pasu-rychla-akcelerace",
    "prvek": "Crossovery + změny „pásu“ a rychlá akcelerace",
    "kategorie": "Bruslení",
    "vek": "4",
    "text": "Slalom ve 3 paralelních „pásech“: 2–3 přešlapy, rychlá změna dráhy a výbušný odraz. Důraz na práci hran a přenos váhy.",
    "pomucky": ["kuzely (koridory)"],
    "delka_min": 9,
    "cile": ["preslapovani", "zmena_smeru", "akcelerace", "prace_hrany", "prenos_vahy"],
    "video": ["https://youtu.be/vid-brusleni-crossovers-lanes-4"],
    "aktualizovano": "2025-09-02"
  },
  {
    "id": "cutback-na-kruzich-s-pukem--4",
    "prvek_id": "cutback-na-kruzich-s-pukem",
    "prvek": "Cutback na kruzích s pukem",
    "kategorie": "Bruslení",
    "vek": "4",
    "text": "Jízda po kruhu s náhlým cutbackem (power turn proti směru) a okamžitým zrychlením. Puk krytý tělem, hlava nahoře.",
    "pomucky": ["kuzely (kruh)", "puky"],
    "delka_min": 8,
    "cile": ["zmena_smeru", "vedeni_puku", "prace_hrany", "stabilita", "akcelerace"],
    "video": ["https://youtu.be/vid-brusleni-cutback-circle-4"],
    "aktualizovano": "2025-09-02"
  },
  {
    "id": "vzad-do-uhlu-a-prechod-do-sprintu--4",
    "prvek_id": "vzad-do-uhlu-a-prechod-do-sprintu",
    "prvek": "Vzadu do úhlu + přechod do sprintu vpřed",
    "kategorie": "Bruslení",
    "vek": "4",
    "text": "Couvání do stanoveného úhlu, pivot a plný sprint 8–10 m. Rychlý přenos váhy, plynulý přechod vpřed↔vzad.",
    "pomucky": ["kuzely (obrátkové body)"],
    "delka_min": 9,
    "cile": ["jizda_vzad", "prechod_vpred_vzad", "akcelerace", "zmena_tempa", "koordinace"],
    "video": ["https://youtu.be/vid-brusleni-back-to-angle-sprint-4"],
    "aktualizovano": "2025-09-02"
  },
  {
    "id": "catch-and-release-v-jizde-stredni-pasma--4",
    "prvek_id": "catch-and-release-v-jizde-stredni-pasma",
    "prvek": "Catch & release v jízdě (střední pásmo)",
    "kategorie": "Střelba",
    "vek": "4",
    "text": "Příjem přihrávky v plné jízdě a okamžité uvolnění střely bez ztráty rychlosti. Krátký dotek, krok do puku.",
    "pomucky": ["puky", "branka", "terce (rohy)"],
    "delka_min": 10,
    "cile": ["prijem_puku", "rychle_zakonceni", "priprava_puku", "timing", "uhel_strely"],
    "video": ["https://youtu.be/vid-strelba-catch-release-stride-4"],
    "aktualizovano": "2025-09-02"
  },
  {
    "id": "strela-po-bank-pasu-za-obrance--4",
    "prvek_id": "strela-po-bank-pasu-za-obrance",
    "prvek": "Střela po bank-pasu za obránce",
    "kategorie": "Střelba",
    "vek": "4",
    "text": "A pošle puk o mantinel za „obránce“, B si najede do prostoru a zakončí bez zbytečného zpracování.",
    "pomucky": ["puky", "branka", "mantinel", "kuzely (obránce)"],
    "delka_min": 9,
    "cile": ["prihravka", "rychle_zakonceni", "vyber_prostoru", "timing", "uhel_strely"],
    "video": ["https://youtu.be/vid-strelba-bank-pass-behind-d-4"],
    "aktualizovano": "2025-09-02"
  },
  {
    "id": "fake-shot-drag-change-angle-snap--4",
    "prvek_id": "fake-shot-drag-change-angle-snap",
    "prvek": "Fake shot → drag → změna úhlu a snap",
    "kategorie": "Střelba",
    "vek": "4",
    "text": "Naznačení střely, přitažení puku přes osu těla a rychlý snap shot do uvolněného okna. Hlava nahoře.",
    "pomucky": ["puky", "branka", "terce (horní/boční)"],
    "delka_min": 8,
    "cile": ["naznaceni", "priprava_puku", "uhel_strely", "prace_zapesti", "rychle_zakonceni"],
    "video": ["https://youtu.be/vid-strelba-fake-drag-snap-4"],
    "aktualizovano": "2025-09-02"
  },
  {
    "id": "saucer-prihravka-8-10m-do-jizdy--4",
    "prvek_id": "saucer-prihravka-8-10m-do-jizdy",
    "prvek": "Saucer přihrávka 8–10 m do jízdy",
    "kategorie": "Technika hole",
    "vek": "4",
    "text": "Nadzvednutá přihrávka přes překážku do běžícího hráče; plynulý příjem v plné rychlosti a pokračování do zakončení.",
    "pomucky": ["puky", "hokejka (překážka)"],
    "delka_min": 9,
    "cile": ["saucer_prihravka", "timing", "prijem_puku", "pohled_vpred"],
    "video": ["https://youtu.be/vid-technika-saucer-8-10m-4"],
    "aktualizovano": "2025-09-02"
  },
  {
    "id": "bank-pass-pod-tlakem-prijem-a-navrat--4",
    "prvek_id": "bank-pass-pod-tlakem-prijem-a-navrat",
    "prvek": "Bank-pass pod tlakem + příjem a návrat do hry",
    "kategorie": "Technika hole",
    "vek": "4",
    "text": "Krátký tlak obránce: přihrávka o mantinel, rychlý obrat a příjem puku do volného prostoru. Ochrana puku tělem.",
    "pomucky": ["puky", "mantinel", "kuzely (obránce/zóny)"],
    "delka_min": 8,
    "cile": ["prihravka", "prijem_puku", "kryti_puku", "timing"],
    "video": ["https://youtu.be/vid-technika-bank-under-pressure-4"],
    "aktualizovano": "2025-09-02"
  },
  {
    "id": "look-off-chip-nad-holi--4",
    "prvek_id": "look-off-chip-nad-holi",
    "prvek": "Look-off + „chip“ nad holí",
    "kategorie": "Technika hole",
    "vek": "4",
    "text": "Předstíraný pohled na A, skutečná krátká chip přihrávka přes hůl na B. Plynulé načasování a dojetí puku.",
    "pomucky": ["puky", "hokejka (překážka)", "kuzely (pozice A/B)"],
    "delka_min": 8,
    "cile": ["naznaceni", "nadzvednuti_puku", "timing", "pohled_vpred"],
    "video": ["https://youtu.be/vid-technika-lookoff-chip-4"],
    "aktualizovano": "2025-09-02"
  },
  {
    "id": "2v2-krizeni-zadni-vlna--4",
    "prvek_id": "2v2-krizeni-zadni-vlna",
    "prvek": "2v2 křížení + zadní vlna do slotu",
    "kategorie": "HČJ",
    "vek": "4",
    "text": "Útočníci se kříží, první stahuje obranu, druhý (zadní vlna) najíždí do slotu pro zakončení. Čtení obránců.",
    "pomucky": ["puky", "kuzely (slot/koridory)", "branka"],
    "delka_min": 10,
    "cile": ["2v2", "spoluprace", "vyber_prostoru", "timing", "cteni_hry"],
    "video": ["https://youtu.be/vid-hcj-2v2-cross-trailer-4"],
    "aktualizovano": "2025-09-02"
  },
  {
    "id": "gap-control-1v1-vstup-do-pasma--4",
    "prvek_id": "gap-control-1v1-vstup-do-pasma",
    "prvek": "1v1 Gap control při vstupu do pásma",
    "kategorie": "HČJ",
    "vek": "4",
    "text": "Obránce drží správný odstup (gap), navádí útočníka k mantinelu a načasuje poke-check bez faulu.",
    "pomucky": ["kuzely (vstupni linie)", "puky"],
    "delka_min": 9,
    "cile": ["obrana_stinovani", "angling", "poke_check", "pozicni_hra"],
    "video": ["https://youtu.be/vid-hcj-gap-control-entry-4"],
    "aktualizovano": "2025-09-02"
  },
  {
    "id": "keep-away-3v3-2doteky-5prihravek-bod--4",
    "prvek_id": "keep-away-3v3-2doteky-5prihravek-bod",
    "prvek": "Keep-away 3v3 – 2 doteky, 5 přihrávek = bod",
    "kategorie": "Hry",
    "vek": "4",
    "text": "Držení puku 3v3 v boxu, limit 2 doteky. Tým získá bod po 5 po sobě jdoucích přihrávkách. Rotace po 60 s.",
    "pomucky": ["puky", "kuzely (box)"],
    "delka_min": 12,
    "cile": ["dotek_limit", "spoluprace", "komunikace", "rychle_rozhodovani"],
    "video": ["https://youtu.be/vid-hry-keep-away-2touch-4"],
    "aktualizovano": "2025-09-02"
  },
  {
    "id": "reakcni-stred-4-rohy-pass-and-go--4",
    "prvek_id": "reakcni-stred-4-rohy-pass-and-go",
    "prvek": "Reakční střed → 4 rohy (pass & go)",
    "kategorie": "Hry",
    "vek": "4",
    "text": "Hráč ve středu reaguje na barvu/číslo, sprintuje do správného rohu, přihrává spoluhráči a vrací se do středu.",
    "pomucky": ["puky", "kuzely (4 rohy – barvy/čísla)"],
    "delka_min": 10,
    "cile": ["rychla_reakce", "prihravka", "orientace_v_prostoru", "zmena_smeru", "timing"],
    "video": ["https://youtu.be/vid-hry-reaction-4corners-pass-4"],
    "aktualizovano": "2025-09-02"
  },
  {
    "id": "s-slalom-preslap-kryti-puku--4",
    "prvek_id": "s-slalom-preslap-kryti-puku",
    "prvek": "S-slalom s přešlapováním a krytím puku",
    "kategorie": "Bruslení",
    "vek": "4",
    "text": "Slalom ve tvaru S; v obloucích přešlapování a současné krytí puku tělem. Hlava nahoře, plynulá práce hran.",
    "pomucky": ["kuzely (S-koridor)", "puky"],
    "delka_min": 9,
    "cile": ["preslapovani", "zmena_smeru", "vedeni_puku", "kryti_puku", "prace_hrany"],
    "video": ["https://youtu.be/vid-brusleni-s-slalom-protect-4"],
    "aktualizovano": "2025-09-02"
  },
  {
    "id": "c-kroky-vzad-pivot-sprint--4",
    "prvek_id": "c-kroky-vzad-pivot-sprint",
    "prvek": "C-kroky vzad → pivot na hraně + sprint",
    "kategorie": "Bruslení",
    "vek": "4",
    "text": "Couvání C-kroky, pivot na vnitřní hraně do jízdy vpřed a sprint 8–10 m. Rychlý přenos váhy.",
    "pomucky": ["kuzely (obrátka/start/cíl)"],
    "delka_min": 9,
    "cile": ["jizda_vzad", "prechod_vpred_vzad", "akcelerace", "prace_hrany", "prenos_vahy"],
    "video": ["https://youtu.be/vid-brusleni-cuts-back-pivot-4"],
    "aktualizovano": "2025-09-02"
  },
  {
    "id": "stop-mohawk-odraz-kombinace--4",
    "prvek_id": "stop-mohawk-odraz-kombinace",
    "prvek": "Stop → mohawk → odraz (kombinace)",
    "kategorie": "Bruslení",
    "vek": "4",
    "text": "Brzda na pravou/levou stranu, plynulý mohawk přechod a výbušný odraz do dalšího úseku.",
    "pomucky": ["kuzely (body)"],
    "delka_min": 8,
    "cile": ["brzdeni", "mohawk", "zmena_smeru", "akcelerace", "koordinace"],
    "video": ["https://youtu.be/vid-brusleni-stop-mohawk-go-4"],
    "aktualizovano": "2025-09-02"
  },
  {
    "id": "strela-v-kroku-opacna-noha--4",
    "prvek_id": "strela-v-kroku-opacna-noha",
    "prvek": "Střela v kroku z opačné nohy (shoot in stride)",
    "kategorie": "Střelba",
    "vek": "4",
    "text": "Vedení puku a rychlé zakončení v kroku z „opačné“ nohy. Důraz na načasování a přenos váhy.",
    "pomucky": ["puky", "branka", "terce (rohy)"],
    "delka_min": 9,
    "cile": ["rychle_zakonceni", "prenos_vahy", "uhel_strely", "priprava_puku"],
    "video": ["https://youtu.be/vid-strelba-wrong-foot-4"],
    "aktualizovano": "2025-09-02"
  },
  {
    "id": "one-timer-slot-zpoza-branky--4",
    "prvek_id": "one-timer-slot-zpoza-branky",
    "prvek": "One-timer ze slotu po přihrávce zpoza branky",
    "kategorie": "Střelba",
    "vek": "4",
    "text": "Přihrávka zpoza branky do slotu a okamžité zakončení z první. Otevřený postoj do přihrávky.",
    "pomucky": ["puky", "branka"],
    "delka_min": 10,
    "cile": ["one_timer", "timing", "uhel_strely", "rychle_zakonceni", "spoluprace"],
    "video": ["https://youtu.be/vid-strelba-one-timer-slot-4"],
    "aktualizovano": "2025-09-02"
  },
  {
    "id": "look-off-quick-release--4",
    "prvek_id": "look-off-quick-release",
    "prvek": "Look-off → rychlé uvolnění do střely",
    "kategorie": "Střelba",
    "vek": "4",
    "text": "Naznačení přihrávky pohledem, krátký posun puku a rychlý snap shot do uvolněného okna.",
    "pomucky": ["puky", "branka", "terce (boční)"],
    "delka_min": 8,
    "cile": ["naznaceni", "priprava_puku", "prace_zapesti", "rychle_zakonceni", "presnost"],
    "video": ["https://youtu.be/vid-strelba-lookoff-quickrelease-4"],
    "aktualizovano": "2025-09-02"
  },
  {
    "id": "give-and-go-drop-1-2-1--4",
    "prvek_id": "give-and-go-drop-1-2-1",
    "prvek": "Give-and-go + drop (1-2-1) do středu",
    "kategorie": "Technika hole",
    "vek": "4",
    "text": "A přihrává B, dostává drop zpět a ve zrychlení najíždí do středu na zakončení. Rotace rolí.",
    "pomucky": ["puky", "kuzely (trasa)"],
    "delka_min": 9,
    "cile": ["give_and_go", "prihravka", "timing", "pohled_vpred", "spoluprace"],
    "video": ["https://youtu.be/vid-technika-give-drop-121-4"],
    "aktualizovano": "2025-09-02"
  },
  {
    "id": "prijem-bekhend-vnejsi-kycel--4",
    "prvek_id": "prijem-bekhend-vnejsi-kycel",
    "prvek": "Příjem na bekhend na vnější kyčel + přehození na forhend",
    "kategorie": "Technika hole",
    "vek": "4",
    "text": "Příjem mimo tělo na bekhend (vnější kyčel), rychlé přehození na forhend a příprava do střely/prihrávky.",
    "pomucky": ["puky"],
    "delka_min": 8,
    "cile": ["prijem_puku", "ovladani_cepel", "priprava_puku", "pohled_vpred"],
    "video": ["https://youtu.be/vid-technika-bh-outer-hip-4"],
    "aktualizovano": "2025-09-02"
  },
  {
    "id": "self-pass-o-mantinel-v-jizde--4",
    "prvek_id": "self-pass-o-mantinel-v-jizde",
    "prvek": "Self-pass o mantinel v plné jízdě",
    "kategorie": "Technika hole",
    "vek": "4",
    "text": "Přihrávka sám sobě o mantinel k obejití „obránce“, rychlé vyzvednutí puku a pokračování do zakončení.",
    "pomucky": ["puky", "mantinel", "kuzely (obránce)"],
    "delka_min": 9,
    "cile": ["prihravka", "vedeni_puku", "kryti_puku", "timing", "vyber_prostoru"],
    "video": ["https://youtu.be/vid-technika-self-pass-wall-4"],
    "aktualizovano": "2025-09-02"
  },
  {
    "id": "3v2-s-backcheckem-f3--4",
    "prvek_id": "3v2-s-backcheckem-f3",
    "prvek": "3v2 s backcheckem F3 (rychlý návrat)",
    "kategorie": "HČJ",
    "vek": "4",
    "text": "3v2 s dobíhajícím F3: šířka útoku, druhá vlna a rychlé rozhodnutí střela/přihrávka podle obrany.",
    "pomucky": ["puky", "kuzely (zmenšení plochy)", "branka"],
    "delka_min": 10,
    "cile": ["spoluprace", "rychle_rozhodovani", "vyber_prostoru", "cteni_hry", "backcheck"],
    "video": ["https://youtu.be/vid-hcj-3v2-backcheck-4"],
    "aktualizovano": "2025-09-02"
  },
  {
    "id": "1v1-od-modre-zmena-tempa--4",
    "prvek_id": "1v1-od-modre-zmena-tempa",
    "prvek": "1v1 od modré – změna tempa a oddělení puku",
    "kategorie": "HČJ",
    "vek": "4",
    "text": "Útočník střídá tempo a směr; obránce drží správný gap a načasuje poke-check. Výjezd do zakončení.",
    "pomucky": ["puky", "kuzely (linie)"],
    "delka_min": 9,
    "cile": ["1v1", "zmena_tempa", "angling", "poke_check", "pozicni_hra"],
    "video": ["https://youtu.be/vid-hcj-1v1-gap-tempo-4"],
    "aktualizovano": "2025-09-02"
  },
  {
    "id": "2v2-plus-2-nahravaci--4",
    "prvek_id": "2v2-plus-2-nahravaci",
    "prvek": "2v2 + 2 nahrávači na mantinelech",
    "kategorie": "Hry",
    "vek": "4",
    "text": "Hra v malém prostoru se dvěma neutrálními nahrávači na mantinelech. Rychlé kombinace a zakončení.",
    "pomucky": ["puky", "mala_branka (2)", "kuzely (vymezení hřiště)", "mantinel"],
    "delka_min": 12,
    "cile": ["spoluprace", "prihravka", "rychle_rozhodovani", "komunikace", "vyber_prostoru"],
    "video": ["https://youtu.be/vid-hry-2v2-plus-passers-4"],
    "aktualizovano": "2025-09-02"
  }
]