[
  {
    "id": "lateral-shuffle-pivot-180--5-6",
    "prvek_id": "lateral-shuffle-pivot-180",
    "prvek": "Lateral shuffle + pivot 180° (edgework)",
    "kategorie": "Bruslení",
    "vek": "5-6",
    "text": "Postranní kroky (shuffle) mezi kužely, na značce plynulý pivot 180° a návrat. Důraz na nízké těžiště a práci hran.",
    "pomucky": ["kuzely (koridor)"],
    "delka_min": 9,
    "cile": ["prace_hrany", "zmena_smeru", "stabilita", "koordinace"],
    "video": ["https://youtu.be/vid-brusleni-lateral-shuffle-pivot-56"],
    "aktualizovano": "2025-09-02"
  },
  {
    "id": "power-turn-cutback-sprint--5-6",
    "prvek_id": "power-turn-cutback-sprint",
    "prvek": "Power turn → cutback → sprint",
    "kategorie": "Bruslení",
    "vek": "5-6",
    "text": "Najetí k mantinelu, power turn zpět do hry, rychlý cutback proti směru a sprint 8–10 m. Plynulý přenos váhy.",
    "pomucky": ["kuzely (obrátkové body)", "mantinel"],
    "delka_min": 9,
    "cile": ["zmena_smeru", "akcelerace", "prace_hrany", "prenos_vahy"],
    "video": ["https://youtu.be/vid-brusleni-power-cutback-sprint-56"],
    "aktualizovano": "2025-09-02"
  },
  {
    "id": "reverse-crossovers-figure8--5-6",
    "prvek_id": "reverse-crossovers-figure8",
    "prvek": "Crossover vzad v osmičce (s pukem)",
    "kategorie": "Bruslení",
    "vek": "5-6",
    "text": "Jízda vzad do tvaru osmičky s pravidelným přešlapováním, vedení puku hlavou nahoře. Kontrola vnitřní/vnější hrany.",
    "pomucky": ["kuzely (osmička)", "puky"],
    "delka_min": 10,
    "cile": ["jizda_vzad", "preslapovani", "vedeni_puku", "prace_hrany", "stabilita"],
    "video": ["https://youtu.be/vid-brusleni-reverse-crossovers-56"],
    "aktualizovano": "2025-09-02"
  },
  {
    "id": "catch-and-release-v-jizde-krizna--5-6",
    "prvek_id": "catch-and-release-v-jizde-krizna",
    "prvek": "Catch & release v jízdě po křížné přihrávce",
    "kategorie": "Střelba",
    "vek": "5-6",
    "text": "Příjem křížné přihrávky v plné jízdě a okamžité zakončení bez ztráty rychlosti. Krátký dotek, krok do puku.",
    "pomucky": ["puky", "branka", "terce (rohy)"],
    "delka_min": 10,
    "cile": ["prijem_puku", "rychle_zakonceni", "timing", "uhel_strely", "priprava_puku"],
    "video": ["https://youtu.be/vid-strelba-catch-release-cross-56"],
    "aktualizovano": "2025-09-02"
  },
  {
    "id": "one-timer-po-najezdu-do-slotu--5-6",
    "prvek_id": "one-timer-po-najezdu-do-slotu",
    "prvek": "One-timer po nájezdu do slotu",
    "kategorie": "Střelba",
    "vek": "5-6",
    "text": "A si najede do slotu, B přihrává z křídla; A zakončuje z první. Postoj otevřený do přihrávky, hlava nahoře.",
    "pomucky": ["puky", "branka"],
    "delka_min": 9,
    "cile": ["one_timer", "timing", "rychle_zakonceni", "uhel_strely"],
    "video": ["https://youtu.be/vid-strelba-one-timer-slot-56"],
    "aktualizovano": "2025-09-02"
  },
  {
    "id": "rebound-hunting-tri-strely--5-6",
    "prvek_id": "rebound-hunting-tri-strely",
    "prvek": "Rebound hunting – 3 rychlé střely",
    "kategorie": "Střelba",
    "vek": "5-6",
    "text": "Série tří střel: nízká na odraz, dorážka, rychlá třetí střela po vybruslení do volného okna.",
    "pomucky": ["puky", "branka", "terce (spodní)"],
    "delka_min": 9,
    "cile": ["dorazeni", "cteni_odrazu", "rychle_zakonceni", "vyber_prostoru"],
    "video": ["https://youtu.be/vid-strelba-rebound-hunt-56"],
    "aktualizovano": "2025-09-02"
  },
  {
    "id": "saucer-10-12m-v-jizde--5-6",
    "prvek_id": "saucer-10-12m-v-jizde",
    "prvek": "Saucer 10–12 m v jízdě (příjem do kroku)",
    "kategorie": "Technika hole",
    "vek": "5-6",
    "text": "Nadzvednutá přihrávka přes překážku na 10–12 m a plynulý příjem do kroku bez zpomalení.",
    "pomucky": ["puky", "hokejka (překážka)"],
    "delka_min": 9,
    "cile": ["saucer_prihravka", "prijem_puku", "timing", "pohled_vpred"],
    "video": ["https://youtu.be/vid-technika-saucer-10-12m-56"],
    "aktualizovano": "2025-09-02"
  },
  {
    "id": "chip-nad-holi-a-zrychleni--5-6",
    "prvek_id": "chip-nad-holi-a-zrychleni",
    "prvek": "Chip nad holí + zrychlení do prostoru",
    "kategorie": "Technika hole",
    "vek": "5-6",
    "text": "Krátké nadzvednutí puku přes hůl „obránce“, okamžité dojetí puku a zrychlení do střelecké zóny.",
    "pomucky": ["puky", "hokejka (překážka)", "kuzely (zóny)"],
    "delka_min": 8,
    "cile": ["nadzvednuti_puku", "vedeni_puku", "timing", "vyber_prostoru"],
    "video": ["https://youtu.be/vid-technika-chip-accel-56"],
    "aktualizovano": "2025-09-02"
  },
  {
    "id": "2v1-ze-zlomu-u-mantinelu--5-6",
    "prvek_id": "2v1-ze-zlomu-u-mantinelu",
    "prvek": "2v1 ze zlomu u mantinelu (čtení obránce)",
    "kategorie": "HČJ",
    "vek": "5-6",
    "text": "Po zisku puku u mantinelu rychlé 2v1 do středu. Volba střela/přihrávka podle postavení obránce.",
    "pomucky": ["puky", "kuzely (koridory)", "branka"],
    "delka_min": 10,
    "cile": ["2v1", "cteni_hry", "rychle_rozhodovani", "spoluprace", "vyber_prostoru"],
    "video": ["https://youtu.be/vid-hcj-2v1-wall-breakout-56"],
    "aktualizovano": "2025-09-02"
  },
  {
    "id": "1v1-drive-na-branku-gap-obrana--5-6",
    "prvek_id": "1v1-drive-na-branku-gap-obrana",
    "prvek": "1v1 drive na branku vs. gap obrana",
    "kategorie": "HČJ",
    "vek": "5-6",
    "text": "Útočník mění tempo a směr k brance; obránce drží správný gap, navádí k mantinelu a načasuje poke-check.",
    "pomucky": ["puky", "kuzely (linie/koridory)"],
    "delka_min": 10,
    "cile": ["1v1", "zmena_tempa", "angling", "poke_check", "pozicni_hra"],
    "video": ["https://youtu.be/vid-hcj-1v1-gap-drive-56"],
    "aktualizovano": "2025-09-02"
  },
  {
    "id": "4-branky-2-puky-rotace-smeru--5-6",
    "prvek_id": "4-branky-2-puky-rotace-smeru",
    "prvek": "4 branky + 2 puky s rotací směru",
    "kategorie": "Hry",
    "vek": "5-6",
    "text": "Hřiště na šířku se 4 brankami; hraje se se 2 puky, každých 30 s změna směru útoku. Důraz na komunikaci.",
    "pomucky": ["puky (2)", "mala_branka (4)", "kuzely (vymezení hřiště)"],
    "delka_min": 12,
    "cile": ["komunikace", "rychle_rozhodovani", "orientace_v_prostoru", "spoluprace"],
    "video": ["https://youtu.be/vid-hry-4goals-2pucks-rotation-56"],
    "aktualizovano": "2025-09-02"
  },
  {
    "id": "keep-away-4v4-2doteky-6prihravek-bod--5-6",
    "prvek_id": "keep-away-4v4-2doteky-6prihravek-bod",
    "prvek": "Keep-away 4v4 – 2 doteky, 6 přihrávek = bod",
    "kategorie": "Hry",
    "vek": "5-6",
    "text": "Držení puku v boxu 4v4 s limitem 2 doteky. Tým získá bod po 6 po sobě jdoucích přihrávkách. Rotace po 60 s.",
    "pomucky": ["puky", "kuzely (box)"],
    "delka_min": 12,
    "cile": ["dotek_limit", "spoluprace", "komunikace", "rychle_rozhodovani"],
    "video": ["https://youtu.be/vid-hry-keep-away-2touch-56"],
    "aktualizovano": "2025-09-02"
  },
  {
    "id": "edge-pulls-1-noha-pivot--5-6",
    "prvek_id": "edge-pulls-1-noha-pivot",
    "prvek": "Edge pulls na jedné noze + pivot",
    "kategorie": "Bruslení",
    "vek": "5-6",
    "text": "Krátké přitahování na vnitřní/vnější hraně na jedné noze, na značce pivot a výměna nohy. Hlava nahoře.",
    "pomucky": ["kuzely (znacky)"],
    "delka_min": 9,
    "cile": ["rovnovaha", "prace_hrany", "stabilita", "zmena_smeru", "koordinace"],
    "video": ["https://youtu.be/vid-brusleni-edge-pulls-one-leg-56"],
    "aktualizovano": "2025-09-02"
  },
  {
    "id": "z-cut-vpred-vzad-vpred--5-6",
    "prvek_id": "z-cut-vpred-vzad-vpred",
    "prvek": "Z-cut: vpřed → vzad → vpřed (rychlé přechody)",
    "kategorie": "Bruslení",
    "vek": "5-6",
    "text": "Krátké úseky s rychlými přechody vpřed–vzad–vpřed (mohawk/pivot). Důraz na plynulost a nízké těžiště.",
    "pomucky": ["kuzely (koridor)"],
    "delka_min": 8,
    "cile": ["prechod_vpred_vzad", "zmena_smeru", "zmena_tempa", "prace_hrany"],
    "video": ["https://youtu.be/vid-brusleni-z-cut-56"],
    "aktualizovano": "2025-09-02"
  },
  {
    "id": "serpentina-s-preslapy-a-pukem--5-6",
    "prvek_id": "serpentina-s-preslapy-a-pukem",
    "prvek": "Serpentina s přešlapy a pukem",
    "kategorie": "Bruslení",
    "vek": "5-6",
    "text": "Serpentinový koridor, v každém oblouku 2–3 přešlapy a vedení puku tělem kryté. Plynulý výjezd do sprintu.",
    "pomucky": ["kuzely (serpentina)", "puky"],
    "delka_min": 10,
    "cile": ["preslapovani", "vedeni_puku", "prace_hrany", "akcelerace", "kryti_puku"],
    "video": ["https://youtu.be/vid-brusleni-serpentina-puck-56"],
    "aktualizovano": "2025-09-02"
  },
  {
    "id": "drag-release-po-cutbacku--5-6",
    "prvek_id": "drag-release-po-cutbacku",
    "prvek": "Drag & release po cutbacku",
    "kategorie": "Střelba",
    "vek": "5-6",
    "text": "Krátký cutback proti směru, přitažení puku do středu a rychlé uvolnění zápěstím do horní třetiny.",
    "pomucky": ["puky", "branka", "terce (horní)"],
    "delka_min": 9,
    "cile": ["priprava_puku", "uhel_strely", "prace_zapesti", "rychle_zakonceni"],
    "video": ["https://youtu.be/vid-strelba-drag-after-cutback-56"],
    "aktualizovano": "2025-09-02"
  },
  {
    "id": "one-timer-ze-sauceru--5-6",
    "prvek_id": "one-timer-ze-sauceru",
    "prvek": "One-timer ze sauceru (6–8 m)",
    "kategorie": "Střelba",
    "vek": "5-6",
    "text": "Krátká nadzvednutá přihrávka (saucer) a zakončení z první. Otevřený postoj, načasování kroku do puku.",
    "pomucky": ["puky", "branka", "hokejka (překážka)"],
    "delka_min": 8,
    "cile": ["one_timer", "saucer_prihravka", "timing", "rychle_zakonceni"],
    "video": ["https://youtu.be/vid-strelba-one-timer-saucer-56"],
    "aktualizovano": "2025-09-02"
  },
  {
    "id": "shoot-in-stride-po-dropu--5-6",
    "prvek_id": "shoot-in-stride-po-dropu",
    "prvek": "Shoot-in-stride po dropu",
    "kategorie": "Střelba",
    "vek": "5-6",
    "text": "A vede puk, short drop na B do středu a B zakončuje v kroku bez ztráty rychlosti. Hlavy nahoře.",
    "pomucky": ["puky", "branka", "kuzely (trasa)"],
    "delka_min": 10,
    "cile": ["priprava_puku", "rychle_zakonceni", "timing", "uhel_strely"],
    "video": ["https://youtu.be/vid-strelba-shoot-in-stride-drop-56"],
    "aktualizovano": "2025-09-02"
  },
  {
    "id": "one-touch-zebricek-v-rotaci--5-6",
    "prvek_id": "one-touch-zebricek-v-rotaci",
    "prvek": "One-touch „žebříček“ v rotaci",
    "kategorie": "Technika hole",
    "vek": "5-6",
    "text": "Čtyři pozice do „žebříku“; hráči rotují a přihrávají na jeden dotek nahoru/dolů i diagonálně.",
    "pomucky": ["puky", "kuzely (4 pozice)"],
    "delka_min": 9,
    "cile": ["one_touch", "prihravka", "pohled_vpred", "koordinace", "timing"],
    "video": ["https://youtu.be/vid-technika-one-touch-ladder-56"],
    "aktualizovano": "2025-09-02"
  },
  {
    "id": "look-off-diagonal-saucer--5-6",
    "prvek_id": "look-off-diagonal-saucer",
    "prvek": "Look-off + diagonální saucer",
    "kategorie": "Technika hole",
    "vek": "5-6",
    "text": "Naznačení pohledem na bližší cíl, skutečná diagonální saucer přihrávka přes hůl na spoluhráče v jízdě.",
    "pomucky": ["puky", "hokejka (překážka)", "kuzely (pozice)"],
    "delka_min": 8,
    "cile": ["naznaceni", "saucer_prihravka", "timing", "pohled_vpred"],
    "video": ["https://youtu.be/vid-technika-lookoff-diagonal-saucer-56"],
    "aktualizovano": "2025-09-02"
  },
  {
    "id": "bank-pass-pod-tlakem-bekhend-prijem--5-6",
    "prvek_id": "bank-pass-pod-tlakem-bekhend-prijem",
    "prvek": "Bank-pass pod tlakem + bekhendový příjem",
    "kategorie": "Technika hole",
    "vek": "5-6",
    "text": "Přihrávka o mantinel při tlaku „obránce“ a příjem na bekhend mimo tělo, rychlé přehození na forhend.",
    "pomucky": ["puky", "mantinel", "kuzely (obránce)"],
    "delka_min": 9,
    "cile": ["prihravka", "prijem_puku", "kryti_puku", "ovladani_cepel", "timing"],
    "video": ["https://youtu.be/vid-technika-bank-bh-receive-56"],
    "aktualizovano": "2025-09-02"
  },
  {
    "id": "2v2-cycle-switch-weak-side--5-6",
    "prvek_id": "2v2-cycle-switch-weak-side",
    "prvek": "2v2 cyklování + switch na weak side",
    "kategorie": "HČJ",
    "vek": "5-6",
    "text": "Cyklování po mantinelu, jeden hráč stahuje, druhý přechází na weak side do slotu. Rychlé čtení obrany.",
    "pomucky": ["puky", "kuzely (zóny/slot)"],
    "delka_min": 10,
    "cile": ["2v2", "spoluprace", "vyber_prostoru", "cteni_hry", "timing"],
    "video": ["https://youtu.be/vid-hcj-2v2-cycle-weakside-56"],
    "aktualizovano": "2025-09-02"
  },
  {
    "id": "1v1-delay-drive-to-middle--5-6",
    "prvek_id": "1v1-delay-drive-to-middle",
    "prvek": "1v1 delay + drive to middle",
    "kategorie": "HČJ",
    "vek": "5-6",
    "text": "Útočník krátce zpomalí (delay), stáhne obránce a pak zrychlí do středu na zakončení. Obránce drží gap.",
    "pomucky": ["puky", "kuzely (linie)"],
    "delka_min": 9,
    "cile": ["1v1", "zmena_tempa", "angling", "pozicni_hra", "rychle_zakonceni"],
    "video": ["https://youtu.be/vid-hcj-1v1-delay-middle-56"],
    "aktualizovano": "2025-09-02"
  },
  {
    "id": "4v4-switch-pred-golem--5-6",
    "prvek_id": "4v4-switch-pred-golem",
    "prvek": "4v4 – povinný switch před gólem",
    "kategorie": "Hry",
    "vek": "5-6",
    "text": "Hra 4v4 na šířku: před zakončením musí tým provést minimálně jeden switch pozic. Tlak na komunikaci.",
    "pomucky": ["puky", "mala_branka (2–4)", "kuzely (vymezení hřiště)"],
    "delka_min": 12,
    "cile": ["spoluprace", "komunikace", "rychle_rozhodovani", "orientace_v_prostoru"],
    "video": ["https://youtu.be/vid-hry-4v4-mandatory-switch-56"],
    "aktualizovano": "2025-09-02"
  },
  {
    "id": "king-of-the-ring-rozsireny-box--5-6",
    "prvek_id": "king-of-the-ring-rozsireny-box",
    "prvek": "King of the Ring – rozšířený box (s pukem)",
    "kategorie": "Hry",
    "vek": "5-6",
    "text": "Větší box; každý s pukem, cílem je udržet svůj a vyrazit ostatním. Bodování, krátká kola a rotace.",
    "pomucky": ["puky", "kuzely (velky box)"],
    "delka_min": 10,
    "cile": ["kryti_puku", "obratnost", "rychla_reakce", "soutezivost"],
    "video": ["https://youtu.be/vid-hry-king-ring-large-56"],
    "aktualizovano": "2025-09-02"
  },
  {
    "id": "cross-under-oblouk-zrychleni--5-6",
    "prvek_id": "cross-under-oblouk-zrychleni",
    "prvek": "Cross-under v oblouku (zrychlení na kruhu)",
    "kategorie": "Bruslení",
    "vek": "5-6",
    "text": "Jízda po kruhu s aktivním cross-underem (vnitřní noha podsazuje), postupné zvyšování tempa každé 2 kola.",
    "pomucky": ["kuzely (kruh)"],
    "delka_min": 9,
    "cile": ["preslapovani", "prace_hrany", "akcelerace", "stabilita"],
    "video": ["https://youtu.be/vid-brusleni-cross-under-circle-56"],
    "aktualizovano": "2025-09-02"
  },
  {
    "id": "mohawk-protioblouk-sprint--5-6",
    "prvek_id": "mohawk-protioblouk-sprint",
    "prvek": "Mohawk přechod do protioblouku + sprint",
    "kategorie": "Bruslení",
    "vek": "5-6",
    "text": "Oblouk vlevo → mohawk přechod → protioblouk vpravo a výjezd do sprintu 10 m. Hlava nahoře, nízko v kolenou.",
    "pomucky": ["kuzely (oblouky/start/cíl)"],
    "delka_min": 9,
    "cile": ["mohawk", "zmena_smeru", "akcelerace", "prace_hrany", "prenos_vahy"],
    "video": ["https://youtu.be/vid-brusleni-mohawk-counterturn-56"],
    "aktualizovano": "2025-09-02"
  },
  {
    "id": "jednonozni-mosty-prechod-preslapy--5-6",
    "prvek_id": "jednonozni-mosty-prechod-preslapy",
    "prvek": "Jednonožní „mosty“ → přechod do přešlapů",
    "kategorie": "Bruslení",
    "vek": "5-6",
    "text": "Přejezdy 2–3 položených hokejek na jedné noze, poté plynulý přechod do 2–3 přešlapů v oblouku.",
    "pomucky": ["hokejky (mosty)", "kuzely (oblouk)"],
    "delka_min": 8,
    "cile": ["rovnovaha", "prace_hrany", "preslapovani", "koordinace"],
    "video": ["https://youtu.be/vid-brusleni-one-leg-bridges-cross-56"],
    "aktualizovano": "2025-09-02"
  },
  {
    "id": "change-release-po-fale-pasu--5-6",
    "prvek_id": "change-release-po-fale-pasu",
    "prvek": "Change release po fale přihrávky",
    "kategorie": "Střelba",
    "vek": "5-6",
    "text": "Naznačení přihrávky, rychlý posun puku na jinou délku/šířku a okamžité uvolnění zápěstím do uvolněného okna.",
    "pomucky": ["puky", "branka", "terce (rohy)"],
    "delka_min": 9,
    "cile": ["naznaceni", "priprava_puku", "prace_zapesti", "uhel_strely", "rychle_zakonceni"],
    "video": ["https://youtu.be/vid-strelba-change-release-fake-pass-56"],
    "aktualizovano": "2025-09-02"
  },
  {
    "id": "one-timer-royal-road--5-6",
    "prvek_id": "one-timer-royal-road",
    "prvek": "One-timer po křížné (royal road) přihrávce",
    "kategorie": "Střelba",
    "vek": "5-6",
    "text": "A přihrává napříč „královskou cestou“ do střelecké zóny, B zakončuje z první. Otevřený postoj a krok do puku.",
    "pomucky": ["puky", "branka", "kuzely (značky zón)"],
    "delka_min": 10,
    "cile": ["one_timer", "timing", "uhel_strely", "rychle_zakonceni", "spoluprace"],
    "video": ["https://youtu.be/vid-strelba-one-timer-royal-road-56"],
    "aktualizovano": "2025-09-02"
  },
  {
    "id": "bekhend-v-jizde-top-shelf--5-6",
    "prvek_id": "bekhend-v-jizde-top-shelf",
    "prvek": "Bekhend v jízdě do horní třetiny",
    "kategorie": "Střelba",
    "vek": "5-6",
    "text": "Vedení puku, přitažení k tělu a nadzvednutí bekhendem do horní třetiny. Plynulý přenos váhy vpřed.",
    "pomucky": ["puky", "branka", "terce (horní)"],
    "delka_min": 8,
    "cile": ["nadzvednuti_puku", "prenos_vahy", "presnost", "rychle_zakonceni"],
    "video": ["https://youtu.be/vid-strelba-backhand-top-shelf-56"],
    "aktualizovano": "2025-09-02"
  },
  {
    "id": "pull-push-variace-delky-doteku--5-6",
    "prvek_id": "pull-push-variace-delky-doteku",
    "prvek": "Pull–push s variací délky doteku (malý prostor)",
    "kategorie": "Technika hole",
    "vek": "5-6",
    "text": "Box 3×3 m: střídání dlouhého a krátkého doteku (pull–push), změny tempa a ochrana puku tělem.",
    "pomucky": ["puky", "kuzely (box)"],
    "delka_min": 9,
    "cile": ["vedeni_puku", "jemna_motorika", "kryti_puku", "zmena_tempa"],
    "video": ["https://youtu.be/vid-technika-pull-push-variations-56"],
    "aktualizovano": "2025-09-02"
  },
  {
    "id": "no-look-backhand-drop--5-6",
    "prvek_id": "no-look-backhand-drop",
    "prvek": "No-look backhand drop v jízdě",
    "kategorie": "Technika hole",
    "vek": "5-6",
    "text": "A vede puk a bez pohledu dává krátký bekhendový drop dojíždějícímu B; pokračování do volného prostoru.",
    "pomucky": ["puky", "kuzely (pozice A/B)"],
    "delka_min": 8,
    "cile": ["prihravka", "naznaceni", "timing", "pohled_vpred", "spoluprace"],
    "video": ["https://youtu.be/vid-technika-no-look-bh-drop-56"],
    "aktualizovano": "2025-09-02"
  },
  {
    "id": "tlumeni-tvrde-prihravky-mimo-telo--5-6",
    "prvek_id": "tlumeni-tvrde-prihravky-mimo-telo",
    "prvek": "Tlumení tvrdé přihrávky mimo tělo",
    "kategorie": "Technika hole",
    "vek": "5-6",
    "text": "Přijetí rychlé přihrávky na vnější kyčel s tlumením čepele, rychlé srovnání puku a navázání přihrávkou/zakončením.",
    "pomucky": ["puky"],
    "delka_min": 9,
    "cile": ["prijem_puku", "ovladani_cepel", "priprava_puku", "pohled_vpred"],
    "video": ["https://youtu.be/vid-technika-soft-receive-outside-56"],
    "aktualizovano": "2025-09-02"
  },
  {
    "id": "2v2-switch-backdoor--5-6",
    "prvek_id": "2v2-switch-backdoor",
    "prvek": "2v2 switch + backdoor nahrávka",
    "kategorie": "HČJ",
    "vek": "5-6",
    "text": "Útočníci si vymění pozice, první stahuje obranu, druhý najíždí na backdoor. Přihrávka do volného okna a zakončení.",
    "pomucky": ["puky", "kuzely (zóny/slot)", "branka"],
    "delka_min": 10,
    "cile": ["2v2", "spoluprace", "vyber_prostoru", "timing", "cteni_hry"],
    "video": ["https://youtu.be/vid-hcj-2v2-switch-backdoor-56"],
    "aktualizovano": "2025-09-02"
  },
  {
    "id": "1v1-corner-battle-na-hracich--5-6",
    "prvek_id": "1v1-corner-battle-na-hracich",
    "prvek": "1v1 corner battle → výjezd na hráče ve slotu",
    "kategorie": "HČJ",
    "vek": "5-6",
    "text": "Souboj o puk v rohu (bez bodyčeku), krytí puku a výjezd do slotu na spoluhráče, který ihned zakončí.",
    "pomucky": ["puky", "kuzely (rohy/slot)", "branka"],
    "delka_min": 10,
    "cile": ["1v1", "kryti_puku", "spoluprace", "rychle_rozhodovani", "vyber_prostoru"],
    "video": ["https://youtu.be/vid-hcj-1v1-corner-to-slot-56"],
    "aktualizovano": "2025-09-02"
  },
  {
    "id": "3v3-must-pass-weak-side--5-6",
    "prvek_id": "3v3-must-pass-weak-side",
    "prvek": "3v3 – povinná přihrávka na weak side před gólem",
    "kategorie": "Hry",
    "vek": "5-6",
    "text": "Hra v malém prostoru; před zakončením musí jít jedna přihrávka na weak side. Tlak na šířku a rychlé čtení.",
    "pomucky": ["puky", "mala_branka (2–4)", "kuzely (vymezení hřiště)"],
    "delka_min": 12,
    "cile": ["spoluprace", "prihravka", "rychle_rozhodovani", "orientace_v_prostoru", "komunikace"],
    "video": ["https://youtu.be/vid-hry-3v3-must-pass-weakside-56"],
    "aktualizovano": "2025-09-02"
  }
]