[
  {
    "id": "heel-to-heel-pivot-sprint--7-8",
    "prvek_id": "heel-to-heel-pivot-sprint",
    "prvek": "Heel-to-heel (pata-k-patě) → pivot → sprint",
    "kategorie": "Bruslení",
    "vek": "7-8",
    "text": "Plynulé otevření boků heel-to-heel, rychlý pivot do směru a výbušný sprint 10–12 m. Nízké těžiště, ramena vedou obrat.",
    "pomucky": ["kuzely (start/cíl, obrátkové body)"],
    "delka_min": 9,
    "cile": ["zmena_smeru", "prace_hrany", "akcelerace", "prenos_vahy", "stabilita"],
    "video": ["https://youtu.be/vid-brusleni-heel-to-heel-pivot-sprint-7-8"],
    "aktualizovano": "2025-09-02"
  },
  {
    "id": "reverse-crossover-mohawk-wall--7-8",
    "prvek_id": "reverse-crossover-mohawk-wall",
    "prvek": "Crossovery vzad → mohawk u mantinelu (s pukem)",
    "kategorie": "Bruslení",
    "vek": "7-8",
    "text": "Přešlapování vzad v kruhu, na mantinelu mohawk přechod do jízdy vpřed s krytím puku a krátké zrychlení.",
    "pomucky": ["kuzely (kruh)", "puky", "mantinel"],
    "delka_min": 10,
    "cile": ["jizda_vzad", "preslapovani", "mohawk", "vedeni_puku", "akcelerace"],
    "video": ["https://youtu.be/vid-brusleni-reverse-crossover-mohawk-wall-7-8"],
    "aktualizovano": "2025-09-02"
  },
  {
    "id": "tri-kroky-brzda-otocka--7-8",
    "prvek_id": "tri-kroky-brzda-otocka",
    "prvek": "3 rychlé kroky → brzda → otočka 180°",
    "kategorie": "Bruslení",
    "vek": "7-8",
    "text": "Start ze stoje na 3 silné kroky, hokejový stop a okamžitá otočka 180° do protisměru. Obě strany, plynulé hrany.",
    "pomucky": ["kuzely (start/cíl)"],
    "delka_min": 8,
    "cile": ["akcelerace", "brzdeni", "zmena_smeru", "prace_hrany", "koordinace"],
    "video": ["https://youtu.be/vid-brusleni-3-steps-stop-turn-7-8"],
    "aktualizovano": "2025-09-02"
  },
  {
    "id": "catch-shoot-weakside-in-stride--7-8",
    "prvek_id": "catch-shoot-weakside-in-stride",
    "prvek": "Catch & shoot v kroku z weak side přihrávky",
    "kategorie": "Střelba",
    "vek": "7-8",
    "text": "Příjem přihrávky z weak side v plné jízdě a okamžité zakončení v kroku. Otevřený postoj, krátký dotek do střely.",
    "pomucky": ["puky", "branka", "kuzely (značky)"],
    "delka_min": 10,
    "cile": ["prijem_puku", "rychle_zakonceni", "timing", "uhel_strely", "priprava_puku"],
    "video": ["https://youtu.be/vid-strelba-catch-shoot-weakside-stride-7-8"],
    "aktualizovano": "2025-09-02"
  },
  {
    "id": "drag-pres-hol-obrance-change-angle--7-8",
    "prvek_id": "drag-pres-hol-obrance-change-angle",
    "prvek": "Drag přes hůl „obránce“ + změna úhlu střely",
    "kategorie": "Střelba",
    "vek": "7-8",
    "text": "Přitažení puku přes položenou hůl, změna úhlu o 0,5–1 m a rychlé zápěstí do horní třetiny.",
    "pomucky": ["puky", "hokejka (překážka)", "branka", "terce (horní)"],
    "delka_min": 9,
    "cile": ["priprava_puku", "uhel_strely", "prace_zapesti", "rychle_zakonceni", "presnost"],
    "video": ["https://youtu.be/vid-strelba-drag-change-angle-7-8"],
    "aktualizovano": "2025-09-02"
  },
  {
    "id": "bank-pass-quick-release--7-8",
    "prvek_id": "bank-pass-quick-release",
    "prvek": "Bank-pass zpoza branky → quick release",
    "kategorie": "Střelba",
    "vek": "7-8",
    "text": "Přihrávka o mantinel zpoza branky do střelecké zóny a okamžitá střela bez zpracování.",
    "pomucky": ["puky", "branka", "mantinel"],
    "delka_min": 8,
    "cile": ["prihravka", "rychle_zakonceni", "timing", "uhel_strely"],
    "video": ["https://youtu.be/vid-strelba-bank-pass-quick-release-7-8"],
    "aktualizovano": "2025-09-02"
  },
  {
    "id": "saucer-backhand-8-10m-jizda--7-8",
    "prvek_id": "saucer-backhand-8-10m-jizda",
    "prvek": "Bekhendový saucer 8–10 m do jízdy",
    "kategorie": "Technika hole",
    "vek": "7-8",
    "text": "Nadzvednutá bekhendová přihrávka přes překážku a plynulý příjem v rychlosti. Hlavy nahoře, načasování kroku.",
    "pomucky": ["puky", "hokejka (překážka)"],
    "delka_min": 9,
    "cile": ["saucer_prihravka", "prijem_puku", "timing", "pohled_vpred"],
    "video": ["https://youtu.be/vid-technika-backhand-sauce-8-10m-7-8"],
    "aktualizovano": "2025-09-02"
  },
  {
    "id": "shoulder-fake-no-look-slot--7-8",
    "prvek_id": "shoulder-fake-no-look-slot",
    "prvek": "Shoulder fake + no-look přihrávka do slotu",
    "kategorie": "Technika hole",
    "vek": "7-8",
    "text": "Naznačení rameny do jedné strany, skutečná no-look přihrávka do slotu. Krátká vzdálenost, provedení v pohybu.",
    "pomucky": ["puky", "kuzely (pozice)"],
    "delka_min": 8,
    "cile": ["naznaceni", "prihravka", "timing", "pohled_vpred", "spoluprace"],
    "video": ["https://youtu.be/vid-technika-shoulder-fake-no-look-slot-7-8"],
    "aktualizovano": "2025-09-02"
  },
  {
    "id": "3v2-kontinualni-s-dorazkou--7-8",
    "prvek_id": "3v2-kontinualni-s-dorazkou",
    "prvek": "3v2 kontinuální s dorážkou a výměnou rolí",
    "kategorie": "HČJ",
    "vek": "7-8",
    "text": "Rychlé 3v2 (živější obrana), zakončení a povinná dorážka. Po zakončení se role točí (útočníci → obránci).",
    "pomucky": ["puky", "kuzely (koridory/slot)", "branka"],
    "delka_min": 12,
    "cile": ["spoluprace", "rychle_rozhodovani", "vyber_prostoru", "dorazeni", "cteni_hry"],
    "video": ["https://youtu.be/vid-hcj-3v2-continuous-rebound-7-8"],
    "aktualizovano": "2025-09-02"
  },
  {
    "id": "1v1-angling-plus-support-2v1--7-8",
    "prvek_id": "1v1-angling-plus-support-2v1",
    "prvek": "1v1 angling → zapojení podpory do 2v1",
    "kategorie": "HČJ",
    "vek": "7-8",
    "text": "Obránce vede útočníka k mantinelu (angling); po zisku puku se připojí spoluhráč a vzniká 2v1 do protiútoku.",
    "pomucky": ["puky", "kuzely (koridory)", "branka"],
    "delka_min": 10,
    "cile": ["angling", "poke_check", "prechod_do_utoku", "spoluprace", "timing"],
    "video": ["https://youtu.be/vid-hcj-1v1-to-2v1-support-7-8"],
    "aktualizovano": "2025-09-02"
  },
  {
    "id": "3-zone-must-pass-middle--7-8",
    "prvek_id": "3-zone-must-pass-middle",
    "prvek": "Hra ve 3 zónách – povinná přihrávka středem",
    "kategorie": "Hry",
    "vek": "7-8",
    "text": "Plocha rozdělena na 3 zóny; před gólem musí jít aspoň jedna přihrávka přes střední zónu. Tlak na šířku a rychlé čtení.",
    "pomucky": ["puky", "mala_branka (2–4)", "kuzely (vymezení zón)"],
    "delka_min": 12,
    "cile": ["prihravka", "komunikace", "rychle_rozhodovani", "orientace_v_prostoru"],
    "video": ["https://youtu.be/vid-hry-three-zones-must-pass-middle-7-8"],
    "aktualizovano": "2025-09-02"
  },
  {
    "id": "gates-and-shot-competition--7-8",
    "prvek_id": "gates-and-shot-competition",
    "prvek": "Branky-„vrátka“ + zakončení (soutěž dvojic)",
    "kategorie": "Hry",
    "vek": "7-8",
    "text": "Dvojice závodí: projet 3–4 „vrátky“ (kužely/hokejky), získat bod jen po průjezdu a rychlém zakončení na terč.",
    "pomucky": ["puky", "kuzely/hokejky (vrátka)", "mala_branka", "terce"],
    "delka_min": 10,
    "cile": ["vedeni_puku", "zmena_smeru", "rychle_zakonceni", "soutezivost", "presnost"],
    "video": ["https://youtu.be/vid-hry-gates-shot-race-7-8"],
    "aktualizovano": "2025-09-02"
  },
  {
    "id": "heel-to-heel-slalom-s-pukem--7-8",
    "prvek_id": "heel-to-heel-slalom-s-pukem",
    "prvek": "Heel-to-heel slalom s pukem",
    "kategorie": "Bruslení",
    "vek": "7-8",
    "text": "Slalom mezi kužely s plynulým otevřením boků (heel-to-heel) v každém oblouku, vedení puku hlavou nahoře.",
    "pomucky": ["kuzely (slalom)", "puky"],
    "delka_min": 9,
    "cile": ["prace_hrany", "zmena_smeru", "mohawk", "vedeni_puku", "stabilita"],
    "video": ["https://youtu.be/vid-brusleni-heel-to-heel-slalom-7-8"],
    "aktualizovano": "2025-09-02"
  },
  {
    "id": "cross-under-figure8-speedbuild--7-8",
    "prvek_id": "cross-under-figure8-speedbuild",
    "prvek": "Cross-under v osmičce (zrychlování)",
    "kategorie": "Bruslení",
    "vek": "7-8",
    "text": "Jízda po tvaru osmičky s aktivním cross-underem ve fázi zrychlení, postupné navyšování tempa každé 2 kola.",
    "pomucky": ["kuzely (osmička)"],
    "delka_min": 8,
    "cile": ["preslapovani", "akcelerace", "prace_hrany", "prenos_vahy", "stabilita"],
    "video": ["https://youtu.be/vid-brusleni-crossunder-figure8-7-8"],
    "aktualizovano": "2025-09-02"
  },
  {
    "id": "c-kroky-vzad-mohawk-exit-sprint--7-8",
    "prvek_id": "c-kroky-vzad-mohawk-exit-sprint",
    "prvek": "C-kroky vzad → mohawk výjezd + sprint",
    "kategorie": "Bruslení",
    "vek": "7-8",
    "text": "Couvání C-kroky v koridoru, mohawk přechod do směru a výbušný sprint 10–12 m. Ramena vedou obrat, nízko v kolenou.",
    "pomucky": ["kuzely (koridor/start/cíl)"],
    "delka_min": 9,
    "cile": ["jizda_vzad", "mohawk", "akcelerace", "zmena_smeru", "prace_hrany"],
    "video": ["https://youtu.be/vid-brusleni-cuts-back-mohawk-exit-7-8"],
    "aktualizovano": "2025-09-02"
  },
  {
    "id": "bumper-give-and-go-shot--7-8",
    "prvek_id": "bumper-give-and-go-shot",
    "prvek": "Bumper give-and-go → rychlá střela",
    "kategorie": "Střelba",
    "vek": "7-8",
    "text": "Přihrávka do „bumperu“ v mezikruží, okamžité vrácení a střela do volného okna. Důraz na načasování kroku.",
    "pomucky": ["puky", "branka", "kuzely (pozice bumper)"],
    "delka_min": 10,
    "cile": ["spoluprace", "timing", "rychle_zakonceni", "uhel_strely", "priprava_puku"],
    "video": ["https://youtu.be/vid-strelba-bumper-give-go-7-8"],
    "aktualizovano": "2025-09-02"
  },
  {
    "id": "across-body-catch-shoot-farside--7-8",
    "prvek_id": "across-body-catch-shoot-farside",
    "prvek": "Catch & shoot přes tělo na vzdálenější tyč",
    "kategorie": "Střelba",
    "vek": "7-8",
    "text": "Příjem přihrávky na „zadní“ straně těla a okamžité zakončení na vzdálenější tyč v kroku, bez zbytečného zpracování.",
    "pomucky": ["puky", "branka", "kuzely (značky)"],
    "delka_min": 9,
    "cile": ["prijem_puku", "rychle_zakonceni", "uhel_strely", "priprava_puku"],
    "video": ["https://youtu.be/vid-strelba-across-body-farside-7-8"],
    "aktualizovano": "2025-09-02"
  },
  {
    "id": "wraparound-jam-near-far--7-8",
    "prvek_id": "wraparound-jam-near-far",
    "prvek": "Wraparound + jam na bližší a vzdálenější tyč",
    "kategorie": "Střelba",
    "vek": "7-8",
    "text": "Objížďka branky (wrap) s rychlým jam zakončením u bližší tyče, další pokus na vzdálenější. Sledování odrazů.",
    "pomucky": ["puky", "branka"],
    "delka_min": 8,
    "cile": ["zakonceni_zpoza_branky", "dorazeni", "rychle_zakonceni", "timing"],
    "video": ["https://youtu.be/vid-strelba-wrap-jam-7-8"],
    "aktualizovano": "2025-09-02"
  },
  {
    "id": "self-pass-wall-saucer-slot--7-8",
    "prvek_id": "self-pass-wall-saucer-slot",
    "prvek": "Self-pass o mantinel → saucer do slotu",
    "kategorie": "Technika hole",
    "vek": "7-8",
    "text": "Přihrávka sám sobě o mantinel k obejití „obránce“, rychlé vyzvednutí puku a nadzvednutá přihrávka do slotu.",
    "pomucky": ["puky", "mantinel", "hokejka (překážka)", "kuzely (slot)"],
    "delka_min": 10,
    "cile": ["prihravka", "saucer_prihravka", "vedeni_puku", "timing", "vyber_prostoru"],
    "video": ["https://youtu.be/vid-technika-self-pass-sauce-slot-7-8"],
    "aktualizovano": "2025-09-02"
  },
  {
    "id": "hip-fake-inside-out-pass--7-8",
    "prvek_id": "hip-fake-inside-out-pass",
    "prvek": "Hip-fake → inside-out přihrávka",
    "kategorie": "Technika hole",
    "vek": "7-8",
    "text": "Naznačení boky (hip-fake) do vnější strany, rychlé inside-out přetažení puku a skrytá přihrávka do volného prostoru.",
    "pomucky": ["puky", "kuzely (obránce/zóna)"],
    "delka_min": 8,
    "cile": ["naznaceni", "prihravka", "ovladani_cepel", "timing", "pohled_vpred"],
    "video": ["https://youtu.be/vid-technika-hip-fake-insideout-pass-7-8"],
    "aktualizovano": "2025-09-02"
  },
  {
    "id": "one-touch-triangle-rotation--7-8",
    "prvek_id": "one-touch-triangle-rotation",
    "prvek": "One-touch trojúhelník v rotaci (s middle pop)",
    "kategorie": "Technika hole",
    "vek": "7-8",
    "text": "Tři hráči v rotaci po trojúhelníku; přihrávky na jeden dotek po obvodu i na „middle pop“ do středu.",
    "pomucky": ["puky", "kuzely (rohy trojúhelníku)"],
    "delka_min": 9,
    "cile": ["one_touch", "prihravka", "timing", "pohled_vpred", "spoluprace"],
    "video": ["https://youtu.be/vid-technika-one-touch-triangle-rot-7-8"],
    "aktualizovano": "2025-09-02"
  },
  {
    "id": "2v2-low-high-point-shot--7-8",
    "prvek_id": "2v2-low-high-point-shot",
    "prvek": "2v2 low-high → střela z vrcholu (tip/dorážka)",
    "kategorie": "HČJ",
    "vek": "7-8",
    "text": "Hra 2v2 dole u mantinelu; přihrávka nahoru (low-high) na vrchol, rychlá střela, teč/dorážka před brankou.",
    "pomucky": ["puky", "kuzely (zóny/vrchol)", "branka"],
    "delka_min": 10,
    "cile": ["2v2", "spoluprace", "tec", "dorazeni", "cteni_hry"],
    "video": ["https://youtu.be/vid-hcj-2v2-low-high-point-shot-7-8"],
    "aktualizovano": "2025-09-02"
  },
  {
    "id": "neutral-regroup-2v1-attack--7-8",
    "prvek_id": "neutral-regroup-2v1-attack",
    "prvek": "Neutral regroup → rychlý útok 2v1",
    "kategorie": "HČJ",
    "vek": "7-8",
    "text": "Rychlá výměna ve středním pásmu (regroup) a přechod do 2v1. Volba střela/přihrávka podle postavení obránce.",
    "pomucky": ["puky", "kuzely (linIe/koridory)", "branka"],
    "delka_min": 11,
    "cile": ["prechod_do_utoku", "2v1", "cteni_hry", "rychle_rozhodovani", "timing"],
    "video": ["https://youtu.be/vid-hcj-neutral-regroup-2v1-7-8"],
    "aktualizovano": "2025-09-02"
  },
  {
    "id": "3v3-tip-rebound-points--7-8",
    "prvek_id": "3v3-tip-rebound-points",
    "prvek": "3v3 – body za teč a dorážku",
    "kategorie": "Hry",
    "vek": "7-8",
    "text": "Hra v malém prostoru; gól = 1 bod, teč/dorážka = 2 body. Podpora střelby z vrcholu a aktivita před brankou.",
    "pomucky": ["puky", "mala_branka (2–4)", "kuzely (vymezení hřiště)"],
    "delka_min": 12,
    "cile": ["soutezivost", "spoluprace", "komunikace", "rychle_rozhodovani", "dorazeni"],
    "video": ["https://youtu.be/vid-hry-3v3-tip-rebound-pts-7-8"],
    "aktualizovano": "2025-09-02"
  },
  {
    "id": "heel-to-heel-protioblouk-exit--7-8",
    "prvek_id": "heel-to-heel-protioblouk-exit",
    "prvek": "Heel-to-heel do protioblouku + rychlý výjezd",
    "kategorie": "Bruslení",
    "vek": "7-8",
    "text": "Na kruhu otevření boků (heel-to-heel), plynulý přechod do protioblouku a výjezd do sprintu 10–12 m.",
    "pomucky": ["kuzely (kruh/start/cíl)"],
    "delka_min": 9,
    "cile": ["prace_hrany", "zmena_smeru", "mohawk", "akcelerace", "stabilita"],
    "video": ["https://youtu.be/vid-brusleni-heel-to-heel-counterturn-exit-7-8"],
    "aktualizovano": "2025-09-02"
  },
  {
    "id": "slalom-vzad-s-pivoty--7-8",
    "prvek_id": "slalom-vzad-s-pivoty",
    "prvek": "Slalom vzad s pivoty do jízdy vpřed",
    "kategorie": "Bruslení",
    "vek": "7-8",
    "text": "Slalomové couvání, na každé druhé brance pivot do jízdy vpřed a opět návrat vzad. Hlava nahoře, práce ramen.",
    "pomucky": ["kuzely (slalom)"],
    "delka_min": 8,
    "cile": ["jizda_vzad", "zmena_smeru", "prechod_vpred_vzad", "prace_hrany", "koordinace"],
    "video": ["https://youtu.be/vid-brusleni-backward-slalom-pivots-7-8"],
    "aktualizovano": "2025-09-02"
  },
  {
    "id": "power-turn-serpentina-s-pukem--7-8",
    "prvek_id": "power-turn-serpentina-s-pukem",
    "prvek": "Power turn v serpentině s pukem",
    "kategorie": "Bruslení",
    "vek": "7-8",
    "text": "Serpentinový koridor; v každém oblouku ostrý power turn s krytím puku a krátké zrychlení za obratem.",
    "pomucky": ["kuzely (serpentina)", "puky"],
    "delka_min": 10,
    "cile": ["zmena_smeru", "vedeni_puku", "prace_hrany", "akcelerace", "kryti_puku"],
    "video": ["https://youtu.be/vid-brusleni-power-turn-serpentina-puck-7-8"],
    "aktualizovano": "2025-09-02"
  },
  {
    "id": "lateral-drag-slot-quick-release--7-8",
    "prvek_id": "lateral-drag-slot-quick-release",
    "prvek": "Laterální drag přes slot + quick release",
    "kategorie": "Střelba",
    "vek": "7-8",
    "text": "Přetažení puku napříč slotem o 1–2 m pro změnu úhlu a okamžité uvolnění zápěstím do horní třetiny.",
    "pomucky": ["puky", "branka", "terce (horní)"],
    "delka_min": 9,
    "cile": ["priprava_puku", "uhel_strely", "prace_zapesti", "rychle_zakonceni", "presnost"],
    "video": ["https://youtu.be/vid-strelba-lateral-drag-quick-release-7-8"],
    "aktualizovano": "2025-09-02"
  },
  {
    "id": "one-timer-half-wall-drop--7-8",
    "prvek_id": "one-timer-half-wall-drop",
    "prvek": "One-timer z half-wall po dropu",
    "kategorie": "Střelba",
    "vek": "7-8",
    "text": "A vede puk po poloboardech, krátký drop na B do středu a B zakončuje z první z mezikruží.",
    "pomucky": ["puky", "branka", "kuzely (pozice)"],
    "delka_min": 10,
    "cile": ["one_timer", "timing", "uhel_strely", "rychle_zakonceni", "spoluprace"],
    "video": ["https://youtu.be/vid-strelba-one-timer-halfwall-drop-7-8"],
    "aktualizovano": "2025-09-02"
  },
  {
    "id": "inside-out-snap-farside--7-8",
    "prvek_id": "inside-out-snap-farside",
    "prvek": "Inside-out + snap na vzdálenější tyč",
    "kategorie": "Střelba",
    "vek": "7-8",
    "text": "Klička inside-out do středu a okamžité zápěstí na vzdálenější tyč. Krátký krok do puku, hlava nahoře.",
    "pomucky": ["puky", "branka"],
    "delka_min": 8,
    "cile": ["zmena_smeru", "uhel_strely", "priprava_puku", "prace_zapesti", "rychle_zakonceni"],
    "video": ["https://youtu.be/vid-strelba-inside-out-snap-farside-7-8"],
    "aktualizovano": "2025-09-02"
  },
  {
    "id": "look-off-saucer-weakside--7-8",
    "prvek_id": "look-off-saucer-weakside",
    "prvek": "Look-off + saucer na weak side",
    "kategorie": "Technika hole",
    "vek": "7-8",
    "text": "Naznačení pohledem na strong side, skutečná nadzvednutá přihrávka (saucer) na weak side do jízdy.",
    "pomucky": ["puky", "hokejka (překážka)"],
    "delka_min": 9,
    "cile": ["naznaceni", "saucer_prihravka", "timing", "pohled_vpred", "spoluprace"],
    "video": ["https://youtu.be/vid-technika-lookoff-sauce-weakside-7-8"],
    "aktualizovano": "2025-09-02"
  },
  {
    "id": "prijem-na-patku-cutback-pass--7-8",
    "prvek_id": "prijem-na-patku-cutback-pass",
    "prvek": "Příjem na patku čepele + cutback a přihrávka",
    "kategorie": "Technika hole",
    "vek": "7-8",
    "text": "Tvrdý příjem na patku mimo tělo, krycí cutback a okamžitá přihrávka do slotu. Plynulý dotek a načasování.",
    "pomucky": ["puky", "kuzely (slot)"],
    "delka_min": 8,
    "cile": ["prijem_puku", "kryti_puku", "prihravka", "timing", "ovladani_cepel"],
    "video": ["https://youtu.be/vid-technika-heel-receive-cutback-pass-7-8"],
    "aktualizovano": "2025-09-02"
  },
  {
    "id": "shoulder-check-before-pass--7-8",
    "prvek_id": "shoulder-check-before-pass",
    "prvek": "Kontrola ramenem (shoulder check) + rychlá přihrávka",
    "kategorie": "Technika hole",
    "vek": "7-8",
    "text": "Krátké skenování ramenem před převzetím puku a okamžitá přihrávka na lépe postaveného hráče do jízdy.",
    "pomucky": ["puky", "kuzely (pozice spoluhráčů)"],
    "delka_min": 9,
    "cile": ["pohled_vpred", "prihravka", "timing", "spoluprace", "koordinace"],
    "video": ["https://youtu.be/vid-technika-shoulder-check-quick-pass-7-8"],
    "aktualizovano": "2025-09-02"
  },
  {
    "id": "pinch-cover-u-mantinelu--7-8",
    "prvek_id": "pinch-cover-u-mantinelu",
    "prvek": "Pinch & cover u mantinelu (D aktivní, F zajišťuje)",
    "kategorie": "HČJ",
    "vek": "7-8",
    "text": "Obránce přitlačí na mantinelu (pinch) pro zisk puku; F3 zajišťuje prostor nahoře. Krátké sekvence se změnou rolí.",
    "pomucky": ["puky", "kuzely (koridory)", "mantinel"],
    "delka_min": 10,
    "cile": ["cteni_hry", "spoluprace", "pozicni_hra", "prechod_do_utoku"],
    "video": ["https://youtu.be/vid-hcj-pinch-and-cover-wall-7-8"],
    "aktualizovano": "2025-09-02"
  },
  {
    "id": "boxout-pred-brankou-prevzeti--7-8",
    "prvek_id": "boxout-pred-brankou-prevzeti",
    "prvek": "Box-out před brankou + převzetí hráče po dorážce",
    "kategorie": "HČJ",
    "vek": "7-8",
    "text": "Obránce drží pozici mezi hráčem a brankou, práce holí bez faulu; po odrazu rychlé převzetí nového hráče.",
    "pomucky": ["kuzely (brankoviště)", "puky", "branka"],
    "delka_min": 9,
    "cile": ["pozicni_hra", "dorazeni", "prace_holi", "cteni_hry"],
    "video": ["https://youtu.be/vid-hcj-box-out-switch-7-8"],
    "aktualizovano": "2025-09-02"
  },
  {
    "id": "miniturnaj-3v3-body-za-kombinaci--7-8",
    "prvek_id": "miniturnaj-3v3-body-za-kombinaci",
    "prvek": "Miniturnaj 3v3 – body za kombinaci před gólem",
    "kategorie": "Hry",
    "vek": "7-8",
    "text": "Krátké zápasy 3v3 v boxu; gól platí jen po minimálně jedné kombinaci (give-and-go/drop). Střídání po 45–60 s.",
    "pomucky": ["puky", "mala_branka (2–4)", "kuzely (box)"],
    "delka_min": 12,
    "cile": ["spoluprace", "prihravka", "komunikace", "soutezivost", "rychle_rozhodovani"],
    "video": ["https://youtu.be/vid-hry-3v3-combination-only-7-8"],
    "aktualizovano": "2025-09-02"
  }
]