[
  {
    "id": "chuze-na-lede-s-oporou--nabor",
    "prvek_id": "chuze-na-lede-s-oporou",
    "prvek": "Chůze na ledě s oporou (tužení kotníků)",
    "kategorie": "Bruslení",
    "vek": "nabor",
    "text": "Krátké krůčky s oporou trenažéru nebo hokejky; ruce vepředu, měkká kolena. Učíme se stát a kráčet na ledě.",
    "pomucky": ["trenažér (medvídek/pinguin) nebo hokejka", "kuzely (start/cíl)"],
    "delka_min": 6,
    "cile": ["rovnovaha", "stabilita", "koordinace"],
    "video": ["https://youtu.be/vid-nabor-chuze-opora"],
    "aktualizovano": "2025-09-02"
  },
  {
    "id": "klouzani-na-dvou-nohach--nabor",
    "prvek_id": "klouzani-na-dvou-nohach",
    "prvek": "Klouzání na dvou nohách (tučňák)",
    "kategorie": "Bruslení",
    "vek": "nabor",
    "text": "Krátký skluz na obou bruslích v rovném koridoru. Ruce vepředu, hlava nahoře, jemné přikrčení.",
    "pomucky": ["kuzely (dráha)", "páska/čára"],
    "delka_min": 6,
    "cile": ["rovnovaha", "stabilita", "prace_hrany"],
    "video": ["https://youtu.be/vid-nabor-klouzani-2-nohy"],
    "aktualizovano": "2025-09-02"
  },
  {
    "id": "padani-a-vstavani-bezpecne--nabor",
    "prvek_id": "padani-a-vstavani-bezpecne",
    "prvek": "Padání a vstávání bezpečně (Sochy)",
    "kategorie": "Bruslení",
    "vek": "nabor",
    "text": "Nácvik bezpečného pádu na kolena a vstávání: hokejka před sebe, jedno koleno, druhé, opora a stoj. Formou hry „Sochy“.",
    "pomucky": ["žíněnky (volitelné)", "kuzely"],
    "delka_min": 6,
    "cile": ["stabilita", "koordinace", "bezpecnost"],
    "video": ["https://youtu.be/vid-nabor-padani-vstavani"],
    "aktualizovano": "2025-09-02"
  },
  {
    "id": "kutaneni-micku-do-branky--nabor",
    "prvek_id": "kutaneni-micku-do-branky",
    "prvek": "Kutálení míčku do branky (zamířit a poslat)",
    "kategorie": "Střelba",
    "vek": "nabor",
    "text": "Bez hole: obouruč kutálet míček do malé branky. Děti míří na barevné terče v brance.",
    "pomucky": ["míček/lehké puky", "mala_branka", "terče (barevné)"],
    "delka_min": 6,
    "cile": ["presnost", "koordinace", "jemna_motorika"],
    "video": ["https://youtu.be/vid-nabor-kutaleni-micek-branka"],
    "aktualizovano": "2025-09-02"
  },
  {
    "id": "zametani-puku-do-branky--nabor",
    "prvek_id": "zametani-puku-do-branky",
    "prvek": "„Zametání“ puku do branky (jemné zápěstí)",
    "kategorie": "Střelba",
    "vek": "nabor",
    "text": "Lehké tlačení puku směrem k brance jako koštětem. Krátký rozběh a zakončení na velký cíl.",
    "pomucky": ["puky (plastové/lehké)", "mala_branka"],
    "delka_min": 6,
    "cile": ["prace_zapesti", "presnost", "koordinace"],
    "video": ["https://youtu.be/vid-nabor-zametani-puku"],
    "aktualizovano": "2025-09-02"
  },
  {
    "id": "vedeni-puku-siroka-vratka--nabor",
    "prvek_id": "vedeni-puku-siroka-vratka",
    "prvek": "Vedení puku přes široká „vrátka“",
    "kategorie": "Technika hole",
    "vek": "nabor",
    "text": "Široké „vrátka“ z hokejek/kuželů; dítě vede puk rovně a projíždí brankami. Hlava nahoře, pomalé tempo.",
    "pomucky": ["puky (lehké)", "kuzely/hokejky (vrátka)"],
    "delka_min": 7,
    "cile": ["vedeni_puku", "pohled_vpred", "koordinace"],
    "video": ["https://youtu.be/vid-nabor-vedeni-puku-vratka"],
    "aktualizovano": "2025-09-02"
  },
  {
    "id": "tap-tap-na-miste--nabor",
    "prvek_id": "tap-tap-na-miste",
    "prvek": "„Tap–tap“ na místě (jemné ťukání do puku)",
    "kategorie": "Technika hole",
    "vek": "nabor",
    "text": "Na místě jemně ťukat do puku malými doteky (tap–tap). Bez spěchu, občas zvednout hlavu.",
    "pomucky": ["puky (lehké)"],
    "delka_min": 6,
    "cile": ["jemna_motorika", "ovladani_cepel", "prace_zapesti"],
    "video": ["https://youtu.be/vid-nabor-tap-tap"],
    "aktualizovano": "2025-09-02"
  },
  {
    "id": "kratka-prihravka-a-stop--nabor",
    "prvek_id": "kratka-prihravka-a-stop",
    "prvek": "Krátká přihrávka a zastavení puku",
    "kategorie": "HČJ",
    "vek": "nabor",
    "text": "Ve dvojici: krátká přihrávka po zemi/ledu a zastavení puku před tělem. Pomalé tempo, pochvala za každý pokus.",
    "pomucky": ["puky (lehké)"],
    "delka_min": 7,
    "cile": ["prihravka", "prijem_puku", "koordinace", "spoluprace"],
    "video": ["https://youtu.be/vid-nabor-short-pass-stop"],
    "aktualizovano": "2025-09-02"
  },
  {
    "id": "kryti-puku-objedu-kuzel--nabor",
    "prvek_id": "kryti-puku-objedu-kuzel",
    "prvek": "Krytí puku – objedu kužel a vrátím se",
    "kategorie": "HČJ",
    "vek": "nabor",
    "text": "Dítě vede puk ke kuželu, obejde ho širokým obloukem a vrací se zpět. Tělo mezi pukem a kuželem.",
    "pomucky": ["puky (lehké)", "kuzely"],
    "delka_min": 7,
    "cile": ["kryti_puku", "vedeni_puku", "orientace_v_prostoru"],
    "video": ["https://youtu.be/vid-nabor-kryti-puku-kuzel"],
    "aktualizovano": "2025-09-02"
  },
  {
    "id": "sbirani-barevnych-puku--nabor",
    "prvek_id": "sbirani-barevnych-puku",
    "prvek": "Sbírání barevných puků (barva/číslo)",
    "kategorie": "Hry",
    "vek": "nabor",
    "text": "Trenér zavolá barvu/číslo a děti sbírají odpovídající puky do své „základny“. Krátká kola a radost z pohybu.",
    "pomucky": ["puky (barevné/označené)", "kuzely (základny)"],
    "delka_min": 7,
    "cile": ["rychla_reakce", "orientace_v_prostoru", "soutezivost", "koordinace"],
    "video": ["https://youtu.be/vid-nabor-sbirani-barevnych-puku"],
    "aktualizovano": "2025-09-02"
  },
  {
    "id": "vlacek-za-trenerem--nabor",
    "prvek_id": "vlacek-za-trenerem",
    "prvek": "Vláček za trenérem (kopíruj dráhu)",
    "kategorie": "Hry",
    "vek": "nabor",
    "text": "Děti jedou za trenérem a kopírují jednoduché zatáčky a zastavení. Tempo pomalé, časté střídání směru.",
    "pomucky": ["kuzely (trasa)"],
    "delka_min": 7,
    "cile": ["koordinace", "pohled_vpred", "orientace_v_prostoru", "spoluprace"],
    "video": ["https://youtu.be/vid-nabor-vlacek-za-trenerem"],
    "aktualizovano": "2025-09-02"
  },
  {
    "id": "honicka-se-satky--nabor",
    "prvek_id": "honicka-se-satky",
    "prvek": "Honička se šátky (chyť „ocásek“)",
    "kategorie": "Hry",
    "vek": "nabor",
    "text": "Každý má za pasem šátek – cílem je sebrat spoluhráčům „ocásek“ a svůj si hlídat. Krátká kola a bezpečné tempo.",
    "pomucky": ["šátky/ocásky", "kuzely (hranice)"],
    "delka_min": 7,
    "cile": ["rychla_reakce", "zmena_smeru", "akcelerace", "soutezivost"],
    "video": ["https://youtu.be/vid-nabor-honicka-satek"],
    "aktualizovano": "2025-09-02"
  },
  {
    "id": "tlaceni-sani-rovna-draha--nabor",
    "prvek_id": "tlaceni-sani-rovna-draha",
    "prvek": "Tlačení saní/medvídka po rovné dráze",
    "kategorie": "Bruslení",
    "vek": "nabor",
    "text": "Dítě tlačí trenažér (sáně/medvídek) po rovné dráze; kolena měkká, ruce vpředu, krátké krůčky.",
    "pomucky": ["trenažér (medvídek/sáně)", "kuzely (start/cíl, koridor)"],
    "delka_min": 6,
    "cile": ["rovnovaha", "stabilita", "koordinace"],
    "video": ["https://youtu.be/vid-nabor-tlaceni-sani-rovna-draha"],
    "aktualizovano": "2025-09-02"
  },
  {
    "id": "pochod-na-miste-na-lede--nabor",
    "prvek_id": "pochod-na-miste-na-lede",
    "prvek": "Pochod na místě na ledě (na signál stop)",
    "kategorie": "Bruslení",
    "vek": "nabor",
    "text": "Pomalý pochod na místě; na písknutí/zavolání se zastavit a zůstat stát jako „socha“.",
    "pomucky": ["píšťalka (signál)", "páska/čára"],
    "delka_min": 6,
    "cile": ["rovnovaha", "stabilita", "rychla_reakce", "koordinace"],
    "video": ["https://youtu.be/vid-nabor-pochod-na-miste-na-lede"],
    "aktualizovano": "2025-09-02"
  },
  {
    "id": "slalom-siroke-oblouky--nabor",
    "prvek_id": "slalom-siroke-oblouky",
    "prvek": "Slalom – široké oblouky mezi kužely",
    "kategorie": "Bruslení",
    "vek": "nabor",
    "text": "Jízda mezi kužely po širokých obloucích; hlava nahoře, měkká kolena, pomalé tempo.",
    "pomucky": ["kuzely (široký slalom)"],
    "delka_min": 7,
    "cile": ["prace_hrany", "zmena_smeru", "koordinace"],
    "video": ["https://youtu.be/vid-nabor-slalom-siroke-oblouky"],
    "aktualizovano": "2025-09-02"
  },
  {
    "id": "jizda-k-znacce-a-zpet--nabor",
    "prvek_id": "jizda-k-znacce-a-zpet",
    "prvek": "Jízda k značce a zpět (dotkni se a jeď)",
    "kategorie": "Bruslení",
    "vek": "nabor",
    "text": "Z místa dojet k barevné značce, dotknout se hole/čáry a vrátit se zpět. V klidu a s úsměvem.",
    "pomucky": ["páska/čára (značka)", "kuzely (start/cíl)"],
    "delka_min": 6,
    "cile": ["orientace_v_prostoru", "koordinace", "zmena_smeru"],
    "video": ["https://youtu.be/vid-nabor-jizda-k-znacce-a-zpet"],
    "aktualizovano": "2025-09-02"
  },
  {
    "id": "sestrel-penove-kostky--nabor",
    "prvek_id": "sestrel-penove-kostky",
    "prvek": "Sestřel pěnové kostky (zblízka)",
    "kategorie": "Střelba",
    "vek": "nabor",
    "text": "Zblízka poslat puk/míček a shodit věž z pěnových kostek nebo kužely. Radost z každého zásahu.",
    "pomucky": ["puky (lehké)/míček", "pěnové kostky/kužely", "mala_branka (volitelně)"],
    "delka_min": 6,
    "cile": ["presnost", "prace_zapesti", "jemna_motorika"],
    "video": ["https://youtu.be/vid-nabor-sestrel-penove-kostky"],
    "aktualizovano": "2025-09-02"
  },
  {
    "id": "strela-na-barevny-terc-zblizka--nabor",
    "prvek_id": "strela-na-barevny-terc-zblizka",
    "prvek": "Střela na barevný terč z blízka",
    "kategorie": "Střelba",
    "vek": "nabor",
    "text": "Trenér ukáže barvu v brance a děti se snaží poslat puk na správný terč. Krátká pauza a pochvala po každém pokusu.",
    "pomucky": ["puky (lehké)", "mala_branka", "terče (barevné)"],
    "delka_min": 6,
    "cile": ["presnost", "prace_zapesti", "koordinace"],
    "video": ["https://youtu.be/vid-nabor-strela-na-barevny-terc-zblizka"],
    "aktualizovano": "2025-09-02"
  },
  {
    "id": "vedeni-puku-had--nabor",
    "prvek_id": "vedeni-puku-had",
    "prvek": "Vedení puku hadem (široké „vrátka“)",
    "kategorie": "Technika hole",
    "vek": "nabor",
    "text": "Projíždět širokými „vrátky“ a jemně postrkovat puk před sebou. Občas zvednout hlavu.",
    "pomucky": ["puky (lehké)", "kuzely/hokejky (vrátka)"],
    "delka_min": 7,
    "cile": ["vedeni_puku", "pohled_vpred", "koordinace"],
    "video": ["https://youtu.be/vid-nabor-vedeni-puku-had"],
    "aktualizovano": "2025-09-02"
  },
  {
    "id": "vedeni-puku-okolo-kuzelu--nabor",
    "prvek_id": "vedeni-puku-okolo-kuzelu",
    "prvek": "Vedení puku okolo kuželů a zpět",
    "kategorie": "Technika hole",
    "vek": "nabor",
    "text": "Dojet k prvnímu kuželu, objet ho a vrátit se zpět. Jednoduché oblouky a klidné tempo.",
    "pomucky": ["puky (lehké)", "kuzely (2–3)"],
    "delka_min": 7,
    "cile": ["vedeni_puku", "zmena_smeru", "kryti_puku"],
    "video": ["https://youtu.be/vid-nabor-vedeni-puku-okolo-kuzelu"],
    "aktualizovano": "2025-09-02"
  },
  {
    "id": "prihravka-na-trenera-a-zpet--nabor",
    "prvek_id": "prihravka-na-trenera-a-zpet",
    "prvek": "Přihrávka na trenéra a zpět (zastav před tělem)",
    "kategorie": "HČJ",
    "vek": "nabor",
    "text": "Krátká přihrávka trenérovi, trenér vrátí; dítě zastaví puk před tělem a zkusí znovu.",
    "pomucky": ["puky (lehké)"],
    "delka_min": 7,
    "cile": ["prihravka", "prijem_puku", "koordinace", "spoluprace"],
    "video": ["https://youtu.be/vid-nabor-prihravka-trener-zpet"],
    "aktualizovano": "2025-09-02"
  },
  {
    "id": "kryti-puku-pred-trenerem--nabor",
    "prvek_id": "kryti-puku-pred-trenerem",
    "prvek": "Krytí puku před trenérem (jemný dotek)",
    "kategorie": "HČJ",
    "vek": "nabor",
    "text": "Trenér se lehce snaží dosáhnout na puk; dítě drží tělo mezi pukem a trenérem a jede kolem kuželu.",
    "pomucky": ["puky (lehké)", "kuzely (dráha)"],
    "delka_min": 7,
    "cile": ["kryti_puku", "vedeni_puku", "orientace_v_prostoru"],
    "video": ["https://youtu.be/vid-nabor-kryti-puku-pred-trenerem"],
    "aktualizovano": "2025-09-02"
  },
  {
    "id": "podlezani-tycky-a-objizdeni--nabor",
    "prvek_id": "podlezani-tycky-a-objizdeni",
    "prvek": "Podlézání tyčky a objíždění kuželu",
    "kategorie": "Hry",
    "vek": "nabor",
    "text": "Děti podlezou nízko nastavenou tyčku a pak objíždějí kužel a vrací se zpět do řady.",
    "pomucky": ["tyčka/švihadlo (nízko)", "kuzely (obrátka)"],
    "delka_min": 7,
    "cile": ["koordinace", "rovnovaha", "zmena_smeru", "soutezivost"],
    "video": ["https://youtu.be/vid-nabor-podlezani-tycky-objizdeni"],
    "aktualizovano": "2025-09-02"
  },
  {
    "id": "slapni-na-znacku-barva-cislo--nabor",
    "prvek_id": "slapni-na-znacku-barva-cislo",
    "prvek": "Šlápni na značku (barva/číslo)",
    "kategorie": "Hry",
    "vek": "nabor",
    "text": "Trenér zavolá barvu/číslo a děti dojedou a šlápnou na správnou značku, pak se vrátí zpět.",
    "pomucky": ["značky (barvy/čísla)", "kuzely (hranice)"],
    "delka_min": 7,
    "cile": ["rychla_reakce", "orientace_v_prostoru", "koordinace"],
    "video": ["https://youtu.be/vid-nabor-slapni-na-znacku"],
    "aktualizovano": "2025-09-02"
  },
  {
    "id": "kacenka-male-krucky-ruce-na-kolena--nabor",
    "prvek_id": "kacenka-male-krucky-ruce-na-kolena",
    "prvek": "„Kačenka“ – malé krůčky, ruce na kolena",
    "kategorie": "Bruslení",
    "vek": "nabor",
    "text": "Krátké krůčky vpřed, ruce opřené o kolena pro jistotu. Hlava nahoře, úsměv povinný.",
    "pomucky": ["kuzely (start/cíl, koridor)"],
    "delka_min": 6,
    "cile": ["rovnovaha", "stabilita", "koordinace"],
    "video": ["https://youtu.be/vid-nabor-kacenka-krucky"],
    "aktualizovano": "2025-09-02"
  },
  {
    "id": "jemne-pribrzdeni-pluhem-u-mantinelu--nabor",
    "prvek_id": "jemne-pribrzdeni-pluhem-u-mantinelu",
    "prvek": "Jemné přibrzdění „pluhem“ u mantinelu",
    "kategorie": "Bruslení",
    "vek": "nabor",
    "text": "U mantinelu zkusit jemně přitlačit špičky dovnitř („pluh“) a zpomalit. Pomalé tempo, bezpečná pozice.",
    "pomucky": ["mantinel", "kuzely (značka zastavení)"],
    "delka_min": 6,
    "cile": ["stabilita", "prace_hrany", "koordinace"],
    "video": ["https://youtu.be/vid-nabor-pluh-u-mantinelu"],
    "aktualizovano": "2025-09-02"
  },
  {
    "id": "male-kolecko-kolem-kuzelu--nabor",
    "prvek_id": "male-kolecko-kolem-kuzelu",
    "prvek": "Malé kolečko kolem kuželu (otočka krokem)",
    "kategorie": "Bruslení",
    "vek": "nabor",
    "text": "Dojet ke kuželu a pomalu ho objet malým kolečkem. Široké kroky, ruce vepředu.",
    "pomucky": ["kuzely (obrátka)"],
    "delka_min": 6,
    "cile": ["zmena_smeru", "rovnovaha", "koordinace"],
    "video": ["https://youtu.be/vid-nabor-otocka-kolem-kuzelu"],
    "aktualizovano": "2025-09-02"
  },
  {
    "id": "bowling-na-kuzely-zblizka--nabor",
    "prvek_id": "bowling-na-kuzely-zblizka",
    "prvek": "„Bowling“ na kužely zblízka",
    "kategorie": "Střelba",
    "vek": "nabor",
    "text": "Zblízka poslat puk/míček a „sestřelit“ kužel. Každý zásah je malý potlesk.",
    "pomucky": ["puky (lehké)/míček", "kužely"],
    "delka_min": 6,
    "cile": ["presnost", "prace_zapesti", "jemna_motorika"],
    "video": ["https://youtu.be/vid-nabor-bowling-kuzely"],
    "aktualizovano": "2025-09-02"
  },
  {
    "id": "posun-a-posli-do-branky--nabor",
    "prvek_id": "posun-a-posli-do-branky",
    "prvek": "Posuň puk k čepeli a pošli do branky",
    "kategorie": "Střelba",
    "vek": "nabor",
    "text": "Zastavit puk před sebou, jemně ho přisunout k lopatce a pomalu poslat do branky.",
    "pomucky": ["puky (lehké)", "mala_branka"],
    "delka_min": 6,
    "cile": ["priprava_puku", "prace_zapesti", "presnost"],
    "video": ["https://youtu.be/vid-nabor-posun-a-posli"],
    "aktualizovano": "2025-09-02"
  },
  {
    "id": "tunel-z-hokejek-prostrc-puk--nabor",
    "prvek_id": "tunel-z-hokejek-prostrc-puk",
    "prvek": "Tunel z hokejek – prostrč puk",
    "kategorie": "Technika hole",
    "vek": "nabor",
    "text": "Z hokejek/kuželů je „tunel“. Dítě má za úkol jemně prostrčit puk tunelem a dojet za něj.",
    "pomucky": ["puky (lehké)", "kuzely/hokejky (tunel)"],
    "delka_min": 7,
    "cile": ["vedeni_puku", "jemna_motorika", "pohled_vpred"],
    "video": ["https://youtu.be/vid-nabor-tunel-prostrc-puk"],
    "aktualizovano": "2025-09-02"
  },
  {
    "id": "puk-na-cepeli-rovnovaha--nabor",
    "prvek_id": "puk-na-cepeli-rovnovaha",
    "prvek": "Puk na čepeli – rovnováha při pomalé jízdě",
    "kategorie": "Technika hole",
    "vek": "nabor",
    "text": "Pomalá jízda a vést puk tak, aby „neutekl“ od čepele. Občas zvednout hlavu a zůstat v klidu.",
    "pomucky": ["puky (lehké)"],
    "delka_min": 6,
    "cile": ["vedeni_puku", "rovnovaha", "koordinace"],
    "video": ["https://youtu.be/vid-nabor-puk-na-cepeli"],
    "aktualizovano": "2025-09-02"
  },
  {
    "id": "kratka-prihravka-na-3-metry--nabor",
    "prvek_id": "kratka-prihravka-na-3-metry",
    "prvek": "Krátká přihrávka na 3 metry",
    "kategorie": "HČJ",
    "vek": "nabor",
    "text": "Ve dvojici: pomalu poslat puk po ledu k parťákovi a ten ho zastaví před tělem.",
    "pomucky": ["puky (lehké)", "kuzely (rozestavení dvojic)"],
    "delka_min": 7,
    "cile": ["prihravka", "prijem_puku", "spoluprace", "koordinace"],
    "video": ["https://youtu.be/vid-nabor-kratka-prihravka-3m"],
    "aktualizovano": "2025-09-02"
  },
  {
    "id": "prihravka-pres-vratka-siroke--nabor",
    "prvek_id": "prihravka-pres-vratka-siroke",
    "prvek": "Přihrávka přes široká „vrátka“",
    "kategorie": "HČJ",
    "vek": "nabor",
    "text": "Mezi dvěma kužely jsou „vrátka“. Úkolem je poslat puk skrz a kamarád ho za vrátky zastaví.",
    "pomucky": ["puky (lehké)", "kuzely (vrátka)"],
    "delka_min": 7,
    "cile": ["prihravka", "prijem_puku", "presnost", "spoluprace"],
    "video": ["https://youtu.be/vid-nabor-pass-through-gate"],
    "aktualizovano": "2025-09-02"
  },
  {
    "id": "sbirej-puky-do-kose--nabor",
    "prvek_id": "sbirej-puky-do-kose",
    "prvek": "Sbírej puky do koše (na čas)",
    "kategorie": "Hry",
    "vek": "nabor",
    "text": "Na signál děti sbírají puky a vozí je do svého „koše/domečku“. Krátká kola a střídání týmů.",
    "pomucky": ["puky (lehké)", "kuzely (domečky)", "koše (volitelné)"],
    "delka_min": 7,
    "cile": ["rychla_reakce", "orientace_v_prostoru", "soutezivost", "koordinace"],
    "video": ["https://youtu.be/vid-nabor-sbirej-puky-do-kose"],
    "aktualizovano": "2025-09-02"
  },
  {
    "id": "stop-na-barvu-na-signal--nabor",
    "prvek_id": "stop-na-barvu-na-signal",
    "prvek": "Stop na barvu (na signál)",
    "kategorie": "Hry",
    "vek": "nabor",
    "text": "Trenér ukáže barvu – děti dojedou na správnou značku a zastaví se jako „socha“. Pomalé tempo.",
    "pomucky": ["značky (barvy)", "kuzely (hranice)"],
    "delka_min": 7,
    "cile": ["rychla_reakce", "orientace_v_prostoru", "stabilita"],
    "video": ["https://youtu.be/vid-nabor-stop-na-barvu"],
    "aktualizovano": "2025-09-02"
  }
]
